RA,Dec,Name,Kepler_ID,2MASS ID,Data Availability,kepmag,Edge_Distance_0 (px),Channel_0,Module_0,Output_0,Row_0,Column_0,Channel_1,Module_1,Output_1,Row_1,Column_1,Channel_2,Module_2,Output_2,Row_2,Column_2,Channel_3,Module_3,Output_3,Row_3,Column_3,,,
19 36 26.536,+50 13 15.92,theta_Cyg,11918630,19362654+5013155,0,4.494,67,70,20,2,432,403,10,4,2,433,397,14,6,2,427,397,74,22,2,427,402,,,
19 36 37.977,+44 41 41.77,HD_185351,8566020,19363801+4441418,2,5.034,59,45,14,1,504,74,21,8,1,501,79,37,12,1,496,79,61,18,1,497,75,,,
19 40 50.183,+45 31 29.79,HD_186155,9163520,19405016+4531295,2,5.055,66,48,14,4,703,388,24,8,4,704,392,40,12,4,707,392,64,18,4,709,388,,,
18 54 52.177,+41 36 09.80,HD_175740,6265087,18545217+4136098,0,5.212,0,36,11,4,996,590,80,23,4,996,586,52,15,4,992,586,8,3,4,991,590,,,
19 34 41.259,+42 24 45.03,HD_184875,6954647,19344127+4224448,0,5.403,0,23,8,3,1020,434,39,12,3,1024,435,63,18,3,1025,438,47,14,3,1020,439,,,
19 39 26.485,+42 49 05.80,14_Cyg,7292420,19392648+4249057,0,5.49,0,25,9,1,42,962,17,7,1,43,967,57,17,1,38,967,65,19,1,39,962,,,
19 57 13.868,+40 22 04.17,HD_189178,5219588,19571387+4022041,0,5.552,0,11,4,3,130,564,15,6,3,135,564,75,22,3,133,569,71,20,3,132,569,,,
19 47 26.827,+47 54 27.23,HD_187372,10679281,19472682+4754273,0,5.672,110,50,15,2,819,451,6,3,2,818,447,34,11,2,816,448,78,23,2,815,451,,,
19 23 56.502,+43 23 17.42,HD_182694,7680115,19235651+4323175,2,5.722,137,43,13,3,711,153,44,13,4,126,740,41,13,1,707,155,42,13,2,122,738,,,
19 50 37.328,+40 35 59.13, V380_Cyg,5385723,19503733+4035591,2,5.771,122,12,4,4,845,749,16,6,4,850,750,76,22,4,848,745,72,20,4,846,744,,,
19 40 41.150,+43 04 40.17,HD_186121,7456762,19404116+4304401,0,5.773,44,25,9,1,338,1063,17,7,1,339,1068,57,17,1,334,1068,65,19,1,335,1063,,,
19 41 48.955,+50 31 30.24, 16_Cyg_A,12069424,19414896+5031305,2,5.864,29,71,20,3,924,552,11,4,3,922,547,15,6,3,928,547,75,22,3,925,552,,,
19 59 20.424,+45 46 21.15,HD_189684,9305008,19592041+4546210,0,5.982,378,31,10,3,600,441,3,2,3,602,436,55,16,3,604,437,83,24,3,607,440,,,
19 16 51.387,+46 59 56.70,HD_181096,10005473,19165139+4659563,2,5.995,58,61,18,1,884,626,45,14,1,890,626,21,8,1,887,630,37,12,1,883,630,,,
19 52 07.166,+47 55 54.46,HD_188252,10683303,19520719+4755545,2,6.007,248,51,15,3,710,766,7,3,3,709,762,35,11,3,714,762,79,23,3,714,766,,,
19 18 37.871,+49 34 10.04,HD_181597,11555267,19183785+4934098,0,6.04,0,82,24,2,82,537,30,10,2,87,538,2,2,2,88,532,54,16,2,82,532,,,
19 05 09.839,+49 55 23.40,HD_178208,11753949,19050982+4955232,2,6.076,283,80,23,4,693,541,52,15,4,689,540,8,3,4,688,544,36,11,4,693,544,,,
19 41 51.980,+50 31 03.09, 16_Cyg_B,12069449,19415198+5031032,2,6.095,67,71,20,3,921,562,11,4,3,919,557,15,6,3,925,557,75,22,3,922,562,,,
19 39 34.537,+45 57 26.78,HD_185955,9411865,19393452+4557268,2,6.114,277,48,14,4,681,827,24,8,4,681,831,40,12,4,685,830,64,18,4,686,827,,,
19 36 32.407,+43 42 22.00,HD_185286,7966681,19363240+4342220,0,6.151,0,26,9,2,34,326,18,7,2,36,320,58,17,2,31,320,66,19,2,32,325,,,
19 55 40.611,+40 10 22.44,HD_188875,5041881,19554061+4010225,0,6.164,17,11,4,3,96,884,15,6,3,102,883,75,22,3,99,889,71,20,3,98,888,,,
18 53 28.527,+42 54 09.40,HD_176466,7340766,18532851+4254092,0,6.165,113,54,16,2,632,129,82,24,2,632,133,30,10,2,636,133,2,2,2,638,128,,,
19 00 19.062,+40 41 02.40, V547_Lyr,5429948,19001907+4041023,0,6.199,48,34,11,2,933,410,78,23,2,933,413,50,15,2,936,413,6,3,2,935,409,,,
18 55 35.718,+42 03 37.01,HD_175884,6584587,18553571+4203367,0,6.21,153,33,11,1,819,337,77,23,1,818,333,49,15,1,821,333,5,3,1,821,338,,,
19 15 19.176,+50 04 16.06,HD_180756,11808639,19151915+5004159,2,6.229,233,82,24,2,730,391,30,10,2,734,391,2,2,2,735,386,54,16,2,729,386,,,
19 35 55.946,+50 14 19.02,HD_185264,11918397,19355593+5014188,2,6.235,307,70,20,2,376,351,10,4,2,377,346,14,6,2,372,346,74,22,2,372,350,,,
19 11 23.162,+40 25 44.74,HD_179583,5262713,19112315+4025447,0,6.252,65,17,7,1,503,81,57,17,1,499,81,65,19,1,499,76,25,9,1,504,76,,,
19 41 57.616,+40 15 14.92,HD_186307,5113557,19415761+4015147,2,6.266,129,6,3,2,866,355,34,11,2,864,356,78,23,2,863,359,50,15,2,866,359,,,
19 17 19.978,+39 07 15.89,HD_181069,4049174,19171994+3907163,2,6.279,8,20,7,4,97,265,60,17,4,102,265,68,19,4,104,262,28,9,4,99,262,,,
19 12 15.710,+47 22 29.96,HD_179959,10265370,19121572+4722298,0,6.28,91,64,18,4,600,1016,48,14,4,595,1016,24,8,4,595,1020,40,12,4,599,1020,,,
18 58 46.588,+40 40 45.10, V543_Lyr,5429169,18584658+4040450,0,6.299,0,35,11,3,1017,565,79,23,3,1017,569,51,15,3,1014,569,7,3,3,1012,565,,,
19 37 56.713,+49 17 03.90,HD_185657,11408263,19375671+4917037,2,6.307,108,69,20,1,193,978,9,4,1,193,984,13,6,1,188,983,73,22,1,188,979,,,
19 22 40.906,+37 34 52.40,HD_183354,2156801,19224091+3734523,0,6.32,0,4,2,4,996,288,56,16,4,999,286,84,24,4,1001,283,32,10,4,994,282,,,
18 53 18.488,+40 59 42.69, V541_Lyr,5683912,18531848+4059425,2,6.344,245,36,11,4,449,862,80,23,4,449,858,52,15,4,445,857,8,3,4,444,861,,,
18 52 07.250,+41 22 59.68,HD_175132,6020867,18520723+4122596,2,6.362,434,36,11,4,506,460,80,23,4,506,457,52,15,4,503,456,8,3,4,502,460,,,
19 53 01.246,+47 48 27.79, V819_Cyg,10618721,19530125+4748276,2,6.381,178,51,15,3,641,929,7,3,3,639,925,35,11,3,644,925,79,23,3,645,929,,,
19 27 36.396,+37 56 28.31,HD_183362,2715115,19273638+3756283,0,6.394,90,3,2,3,797,1017,55,16,3,799,1019,83,24,3,802,1022,31,10,3,795,1023,,,
19 46 32.768,+50 00 37.23,HD_187217,11824273,19463275+5000374,2,6.399,174,72,20,4,551,932,12,4,4,550,937,16,6,4,556,937,76,22,4,553,931,,,
19 25 56.619,+44 55 50.71,HD_183124,8752618,19255662+4455508,2,6.441,37,41,13,1,425,1070,42,13,2,1036,456,43,13,3,429,1067,44,13,4,1040,459,,,
18 49 20.670,+43 44 03.80,HD_174621,7939145,18492068+4344037,2,6.447,25,53,16,1,697,1082,81,24,1,697,1077,29,10,1,702,1077,1,2,1,703,1082,,,
19 55 05.199,+47 32 27.60,HD_188853,10425397,19550517+4732276,2,6.449,172,52,15,4,472,935,8,3,4,471,939,36,11,4,476,939,80,23,4,476,936,,,
20 01 45.227,+44 07 08.57,HD_190149,8262528,20014523+4407086,0,6.488,88,32,10,4,916,269,4,2,4,918,275,56,16,4,921,273,84,24,4,924,270,,,
19 17 09.095,+39 01 43.06,HD_181022,3946721,19170907+3901428,0,6.496,0,20,7,4,45,192,60,17,4,50,192,68,19,4,53,189,28,9,4,47,188,,,
18 59 12.292,+39 13 02.36,HD_176582,4136285,18591229+3913022,2,6.51,171,16,6,4,279,187,76,22,4,277,181,72,20,4,274,182,12,4,4,274,186,,,
19 25 18.148,+37 14 42.71,HD_182896,1720554,19251815+3714429,2,6.525,424,4,2,4,485,520,56,16,4,488,518,84,24,4,491,515,32,10,4,484,514,,,
18 46 59.069,+46 18 53.72,HD_174177,9630812,18465905+4618537,0,6.575,72,74,22,2,577,88,70,20,2,581,88,10,4,2,582,83,14,6,2,576,83,,,
19 23 23.777,+50 16 16.61,HD_182691,11912716,19232377+5016166,2,6.602,160,81,24,1,232,757,29,10,1,238,756,1,2,1,239,762,53,16,1,232,762,,,
19 15 43.694,+40 21 35.72,HD_180682,5177450,19154370+4021358,2,6.617,5,17,7,1,979,662,57,17,1,974,662,65,19,1,975,657,25,9,1,979,658,,,
18 50 43.194,+43 57 26.74,HD_174880,8077489,18504318+4357265,2,6.685,43,53,16,1,395,1065,81,24,1,396,1060,29,10,1,400,1060,1,2,1,401,1065,,,
19 20 27.106,+39 55 34.31,HD_181878,4830109,19202710+3955343,2,6.698,6,19,7,3,403,1101,59,17,3,408,1101,67,19,3,410,1104,27,9,3,405,1104,,,
19 57 12.509,+44 15 40.04,AX_Cyg,8324612,19571249+4415399,2,6.698,358,29,10,1,643,714,1,2,1,644,719,53,16,1,638,719,81,24,1,638,714,,,
19 36 56.640,+38 23 01.75,HD_185330,3246460,19365664+3823017,2,6.721,223,8,3,4,274,257,36,11,4,279,258,80,23,4,279,254,52,15,4,276,254,,,
18 55 33.326,+47 26 26.80,HD_175955,10323222,18553332+4726266,2,6.725,449,73,22,1,544,464,69,20,1,549,463,9,4,1,549,468,13,6,1,544,468,,,
18 46 28.102,+43 33 38.97,HD_174020,7800227,18462811+4333390,2,6.753,17,56,16,4,1000,906,84,24,4,1002,903,32,10,4,996,902,4,2,4,998,908,,,
19 34 18.190,+41 55 37.99,HD_184787,6528001,19341818+4155379,0,6.757,333,23,8,3,677,716,39,12,3,680,716,63,18,3,681,720,47,14,3,677,720,,,
19 05 25.403,+42 10 39.55,HD_178090,6675338,19052540+4210393,2,6.758,6,39,12,3,143,984,63,18,3,144,988,47,14,3,139,988,23,8,3,140,983,,,
19 34 39.861,+48 09 52.38,HD_184977,10801714,19343984+4809524,2,6.806,254,65,19,1,319,351,25,9,1,323,351,17,7,1,323,356,57,17,1,318,357,,,
19 06 51.499,+48 55 31.77,HD_178612,11234835,19065148+4855313,2,6.837,237,77,23,1,594,870,49,15,1,597,870,5,3,1,597,874,33,11,1,595,873,,,
19 30 12.854,+46 08 52.08,   AF_Cyg,9528112,19301285+4608520,2,6.838,128,46,14,2,309,496,22,8,2,307,491,38,12,2,303,491,62,18,2,304,495,,,
18 52 59.722,+43 42 48.50,HD_175370,7940959,18525972+4342482,2,6.863,195,54,16,2,241,755,82,24,2,242,759,30,10,2,246,760,2,2,2,247,755,,,
19 19 37.839,+40 16 01.78,HD_181681,5092997,19193784+4016016,0,6.864,57,19,7,3,738,1050,59,17,3,743,1049,67,19,3,746,1052,27,9,3,740,1053,,,
18 55 25.649,+40 10 37.74,HD_175841,4989900,18552564+4010377,2,6.885,224,35,11,3,283,553,79,23,3,283,557,51,15,3,279,557,7,3,3,278,554,,,
19 01 06.549,+48 02 08.01,HD_177151,10716853,19010654+4802081,2,6.887,165,78,23,2,457,181,50,15,2,461,181,6,3,2,460,177,34,11,2,458,178,,,
19 31 16.365,+47 28 52.25,V2083_Cyg,10342012,19311634+4728522,0,6.902,0,66,19,2,55,1111,26,9,2,59,1111,18,7,2,60,1106,58,17,2,55,1106,,,
19 24 03.380,+44 56 00.74,HD_182736,8751420,19240337+4456005,2,6.911,202,41,13,1,679,905,42,13,2,871,709,43,13,3,683,902,44,13,4,875,712,,,
19 55 54.077,+47 05 24.22,HD_189013,10096499,19555407+4705242,2,6.922,458,52,15,4,547,515,8,3,4,545,519,36,11,4,550,519,80,23,4,551,515,,,
19 31 18.142,+42 59 13.18,HD_184148,7366121,19311815+4259132,2,6.923,357,22,8,2,407,646,38,12,2,402,646,62,18,2,403,650,46,14,2,408,651,,,
19 20 31.469,+50 20 24.81,HD_182076,11960922,19203145+5020247,2,6.927,36,81,24,1,512,1071,29,10,1,517,1070,1,2,1,518,1075,53,16,1,511,1075,,,
19 25 49.567,+50 51 06.25,HD_183203,12208512,19254956+5051061,0,6.928,164,81,24,1,487,180,29,10,1,493,179,1,2,1,493,184,53,16,1,487,184,,,
18 59 05.754,+43 43 15.66,HD_176626,7943968,18590576+4343156,0,6.933,67,59,17,3,130,147,67,19,3,132,150,27,9,3,127,151,19,7,3,125,147,,,
19 18 58.113,+40 21 37.64,HD_181521,5180075,19185810+4021377,0,6.939,9,19,7,3,872,1098,59,17,3,877,1098,67,19,3,879,1101,27,9,3,874,1101,,,
19 37 17.590,+38 35 39.15,HD_185397,3455268,19371759+3835392,0,6.953,358,8,3,4,407,408,36,11,4,411,408,80,23,4,412,404,52,15,4,408,404,,,
19 46 41.294,+44 20 54.71,HD_187160,8379927,19464129+4420547,2,6.961,355,27,9,3,406,639,19,7,3,404,635,59,17,3,409,635,67,19,3,412,638,,,
19 43 04.493,+39 59 49.64,HD_186505,4850899,19430449+3959495,2,6.962,11,7,3,3,998,303,35,11,3,1003,303,79,23,3,1004,307,51,15,3,1000,307,,,
19 17 08.979,+41 15 53.31,HD_186255,5952403,19170897+4115536,2,6.966,207,18,7,2,437,901,58,17,2,432,901,66,19,2,433,906,26,9,2,436,905,, False_Positive,
19 41 39.815,+40 01 20.44,HD_181068,4937492,19413981+4001205,0,6.966,0,6,3,2,1022,503,34,11,2,1020,504,78,23,2,1019,508,50,15,2,1023,508,,,
18 50 31.041,+42 54 43.72,HD_174829,7339102,18503103+4254437,0,6.967,7,54,16,2,1011,440,82,24,2,1012,444,30,10,2,1016,444,2,2,2,1017,439,,,
19 16 22.377,+49 25 28.14,HD_181020,11502218,19162237+4925280,2,6.974,102,82,24,2,159,188,30,10,2,163,189,2,2,2,164,184,54,16,2,158,183,,,
19 50 25.523,+43 39 40.31,HD_187878,7909976,19502551+4339402,2,6.991,122,28,9,4,168,748,20,7,4,166,751,60,17,4,171,751,68,19,4,174,748,,,
19 17 32.696,+47 57 08.82,HD_181278,10659688,19173268+4757088,2,6.996,41,64,18,4,623,57,48,14,4,618,57,24,8,4,618,61,40,12,4,622,60,,,
19 48 44.073,+39 54 59.97,,4857678,19484407+3954598,2,7.017,153,12,4,4,456,168,16,6,4,461,169,76,22,4,459,163,72,20,4,456,164,,,
19 08 13.187,+39 09 17.57,,4042516,19081318+3909173,0,7.024,49,14,6,2,641,1058,74,22,2,641,1063,70,20,2,645,1064,10,4,2,646,1058,,,
19 43 56.637,+49 47 00.02,,11670252,19435663+4947000,2,7.03,31,72,20,4,982,934,12,4,4,981,940,16,6,4,987,940,76,22,4,985,935,,,
19 19 55.068,+45 01 55.53,,8813946,19195507+4501556,2,7.032,28,44,13,4,978,468,41,13,1,434,1008,42,13,2,974,465,43,13,3,439,1005,,,
19 44 44.025,+44 55 44.09,,8765630,19444402+4455441,2,7.036,11,27,9,3,426,26,19,7,3,424,23,59,17,3,429,22,67,19,3,432,26,,,
19 18 30.122,+50 13 39.42,,11910615,19183010+5013393,0,7.05,255,82,24,2,588,852,30,10,2,593,853,2,2,2,594,848,54,16,2,588,848,,,
18 47 22.466,+42 02 52.77,,6580131,18472244+4202527,2,7.06,144,55,16,3,251,160,83,24,3,253,164,31,10,3,248,164,3,2,3,249,159,,,
19 53 38.486,+41 21 20.81,,6067580,19533848+4121208,0,7.081,52,10,4,2,957,697,14,6,2,952,696,74,22,2,952,702,70,20,2,956,702,,,
19 24 09.919,+39 12 42.00,,4155395,19240990+3912419,2,7.088,22,2,2,2,71,914,54,16,2,65,914,82,24,2,66,919,30,10,2,70,919,,,
19 50 55.282,+49 42 00.98,,11674677,19505527+4942009,2,7.101,74,72,20,4,120,383,12,4,4,119,388,16,6,4,125,388,76,22,4,123,383,,,
19 10 33.963,+42 01 19.89,,6593264,19103394+4201200,0,7.168,246,39,12,3,764,368,63,18,3,765,372,47,14,3,760,372,23,8,3,761,368,,,
19 26 01.215,+45 00 47.12,,8818020,19260121+4500471,0,7.174,93,41,13,1,375,1014,42,13,2,980,406,43,13,3,379,1011,44,13,4,984,408,,,
19 01 39.678,+41 29 24.33,,6106415,19013967+4129243,2,7.179,250,34,11,2,314,858,78,23,2,313,861,50,15,2,316,861,6,3,2,316,857,,,
19 17 33.192,+51 20 47.46,,12456737,19173317+5120475,0,7.182,187,84,24,4,659,920,32,10,4,652,918,4,2,4,654,924,56,16,4,657,923,,,
19 58 02.382,+40 55 36.63,,5737655,19580237+4055365,2,7.195,195,11,4,3,517,210,15,6,3,523,210,75,22,3,520,215,71,20,3,519,215,,,
18 51 48.666,+41 27 54.49,,6101376,18514866+4127545,2,7.205,355,36,11,4,511,370,80,23,4,511,366,52,15,4,507,366,8,3,4,506,369,,,
19 17 18.514,+49 51 00.83,,11708170,19171851+4951008,2,7.211,349,82,24,2,401,518,30,10,2,406,519,2,2,2,407,513,54,16,2,401,513,,,
19 04 33.021,+45 55 18.05,,9392839,19043301+4555180,2,7.228,90,57,17,1,141,1002,65,19,1,141,997,25,9,1,145,997,17,7,1,145,1002,,,
18 57 25.357,+42 06 12.45,,6670812,18572536+4206126,2,7.243,460,33,11,1,551,492,77,23,1,550,489,49,15,1,554,489,5,3,1,554,493,,,
19 32 47.943,+43 25 55.32,,7756961,19324795+4325552,0,7.246,143,22,8,2,191,225,38,12,2,186,225,62,18,2,188,229,46,14,2,192,231,,,
19 34 19.213,+41 25 44.54,,6129225,19341921+4125445,0,7.249,162,23,8,3,289,945,39,12,3,292,946,63,18,3,293,949,47,14,3,289,949,,,
19 31 01.093,+46 19 54.45,,9651435,19310109+4619544,0,7.251,405,46,14,2,503,420,22,8,2,502,415,38,12,2,497,415,62,18,2,499,419,,,
19 54 35.329,+41 27 51.79,,6150124,19543533+4127517,2,7.253,70,10,4,2,945,509,14,6,2,939,508,74,22,2,940,514,70,20,2,943,514,,,
19 30 41.181,+43 02 15.77,,7447756,19304117+4302158,0,7.271,269,22,8,2,314,708,38,12,2,309,709,62,18,2,311,713,46,14,2,316,714,,,
19 04 01.667,+40 06 58.39,,4994443,19040168+4006584,0,7.3,16,13,6,1,726,32,73,22,1,725,27,69,20,1,730,27,9,4,1,730,32,,,
19 23 30.722,+48 04 10.67,,10728753,19233072+4804106,0,7.31,0,67,19,3,1031,394,27,9,3,1025,395,19,7,3,1024,392,59,17,3,1028,391,,,
18 54 14.359,+41 13 32.85,,5939450,18541435+4113328,2,7.311,313,36,11,4,702,794,80,23,4,702,791,52,15,4,699,790,8,3,4,698,794,,,
19 07 43.791,+47 02 08.88,,10064283,19074378+4702087,0,7.312,401,63,18,3,448,461,47,14,3,443,461,23,8,3,444,457,39,12,3,447,457,,,
19 46 18.994,+44 33 54.09,,8508931,19461898+4433539,2,7.314,313,27,9,3,364,438,19,7,3,362,435,59,17,3,367,434,67,19,3,370,437,,,
19 31 05.575,+48 34 55.67,,11031549,19310557+4834558,0,7.321,102,65,19,1,920,616,25,9,1,924,616,17,7,1,924,620,57,17,1,919,621,,,
19 07 46.855,+49 29 07.33,,11498538,19074685+4929073,2,7.335,92,77,23,1,925,463,49,15,1,929,463,5,3,1,929,467,33,11,1,926,467,,,
19 36 29.376,+45 47 50.81,,9286638,19362937+4547506,2,7.337,23,45,14,1,991,946,21,8,1,989,951,37,12,1,984,951,61,18,1,985,946,,,
19 54 58.389,+41 52 17.53,,6469154,19545837+4152170,2,7.339,266,10,4,2,648,281,14,6,2,643,280,74,22,2,643,285,70,20,2,647,286,,,
19 43 44.303,+39 44 32.41,,4671313,19434429+3944325,2,7.348,279,7,3,3,741,317,35,11,3,745,316,79,23,3,746,320,51,15,3,742,321,,,
18 49 07.884,+47 30 56.83,,10385851,18490789+4730568,2,7.354,25,75,22,3,953,1033,71,20,3,951,1033,11,4,3,950,1028,15,6,3,956,1028,,,
19 07 19.986,+43 18 55.16,,7669848,19071998+4318551,2,7.355,19,40,12,4,1003,589,64,18,4,1004,586,48,14,4,999,586,24,8,4,999,590,,,
19 28 47.571,+46 02 38.13,,9465763,19284755+4602380,2,7.357,19,46,14,2,69,459,22,8,2,68,453,38,12,2,63,453,62,18,2,65,457,,,
18 44 35.146,+43 49 59.92,,8006161,18443514+4349599,2,7.364,109,56,16,4,919,520,84,24,4,921,517,32,10,4,914,516,4,2,4,916,522,,,
19 53 46.152,+45 28 13.48,,9110718,19534615+4528133,0,7.382,269,30,10,2,652,284,2,2,2,654,279,54,16,2,648,279,82,24,2,648,283,,,
18 59 21.445,+41 38 12.92,,6267345,18592144+4138130,0,7.385,82,33,11,1,546,1026,77,23,1,546,1022,49,15,1,549,1022,5,3,1,549,1026,,,
19 55 44.753,+40 23 30.30,,5217733,19554475+4023303,2,7.391,230,11,4,3,267,782,15,6,3,272,781,75,22,3,269,787,71,20,3,268,787,, False_Positive,
18 52 16.514,+43 42 35.68,,7940546,18521651+4342356,2,7.397,282,54,16,2,336,825,82,24,2,336,830,30,10,2,340,830,2,2,2,342,825,,,
19 54 29.298,+47 54 49.69,,10685353,19542928+4754495,2,7.401,161,51,15,3,399,946,7,3,3,397,942,35,11,3,402,942,79,23,3,403,946,,,
19 19 33.686,+41 16 16.13,,5954370,19193368+4116160,2,7.417,359,18,7,2,660,556,58,17,2,655,556,66,19,2,656,561,26,9,2,658,561,,,
19 27 45.484,+47 32 12.96,,10404994,19274548+4732129,2,7.421,335,66,19,2,381,681,26,9,2,384,681,18,7,2,386,676,58,17,2,380,675,,,
18 57 03.048,+45 51 21.38,,9327530,18570305+4551213,0,7.437,0,60,17,4,1041,341,68,19,4,1043,337,28,9,4,1038,337,20,7,4,1036,340,,,
19 50 13.173,+48 23 29.68,,10934370,19501316+4823295,2,7.478,248,51,15,3,769,264,7,3,3,767,260,35,11,3,773,260,79,23,3,773,264,,,
18 49 39.645,+43 04 24.53,,7420037,18493964+4304245,0,7.481,0,54,16,2,1031,642,82,24,2,1031,647,30,10,2,1035,647,2,2,2,1036,642,,,
19 40 46.780,+46 23 07.67,,9657639,19404676+4623077,2,7.493,39,48,14,4,325,1069,24,8,4,325,1073,40,12,4,329,1072,64,18,4,330,1069,,,
18 51 50.991,+41 44 21.52,,6342566,18515098+4144214,2,7.499,164,36,11,4,669,179,80,23,4,669,175,52,15,4,666,175,8,3,4,665,178,,,
19 43 43.105,+51 04 00.59,,12316020,19434310+5104006,0,7.499,241,71,20,3,447,258,11,4,3,445,253,15,6,3,451,252,75,22,3,448,258,,,
19 49 18.135,+41 34 56.86,,6225718,19491812+4134572,2,7.501,134,9,4,1,429,974,13,6,1,425,974,73,22,1,424,970,69,20,1,429,969,,,
20 01 46.719,+45 28 35.88,,9117875,20014671+4528359,2,7.512,255,31,10,3,373,852,3,2,3,374,847,55,16,3,377,848,83,24,3,380,851,,,
18 59 00.919,+49 19 09.84,,11443271,18590092+4919098,2,7.524,435,79,23,3,592,633,51,15,3,587,634,7,3,3,586,630,35,11,3,591,630,,,
18 51 11.993,+46 44 17.52,,9874022,18511200+4644175,2,7.527,269,74,22,2,461,839,70,20,2,465,840,10,4,2,466,834,14,6,2,460,834,,,
19 19 50.218,+43 33 22.59,,7816792,19195023+4333226,0,7.545,189,43,13,3,230,649,44,13,4,622,259,41,13,1,226,651,42,13,2,618,257,,,
20 01 14.413,+44 15 50.86,,8328178,20011442+4415509,2,7.548,93,32,10,4,933,423,4,2,4,935,429,56,16,4,938,428,84,24,4,941,425,,,
19 09 57.509,+49 40 50.99,,11603064,19095751+4940509,2,7.557,85,77,23,1,883,100,49,15,1,887,100,5,3,1,887,104,33,11,1,885,104,,,
19 03 05.842,+39 57 15.23,,4818175,19030584+3957152,2,7.562,40,13,6,1,942,55,73,22,1,942,50,69,20,1,946,50,9,4,1,946,55,,,
19 07 47.623,+38 55 41.59,,3836439,19074762+3855416,2,7.57,173,14,6,2,821,934,74,22,2,821,939,70,20,2,825,940,10,4,2,826,935,, False_Positive,
19 10 26.631,+42 36 04.86,,7105221,19102663+4236049,0,7.575,,,,,,,,,,,,47,14,3,1045,812,,,,,,,,
19 03 46.752,+49 37 58.62,,11600717,19034675+4937586,2,7.577,237,80,23,4,785,859,52,15,4,781,859,8,3,4,780,863,36,11,4,785,863,,,
19 47 23.503,+42 28 58.94,,6967644,19472350+4228589,0,7.579,,,,,,,,,,,,57,17,1,1042,54,65,19,1,1043,48,,,
19 45 37.966,+44 57 49.36,,8766240,19453796+4457493,0,7.585,53,27,9,3,285,69,19,7,3,283,65,59,17,3,288,65,67,19,3,291,68,,,
19 18 40.891,+52 14 50.59,,12884274,19184088+5214506,2,7.593,33,84,24,4,70,334,32,10,4,62,334,4,2,4,64,339,56,16,4,68,338,,,
19 01 21.775,+44 23 11.51,,8351193,19012177+4423115,2,7.598,234,59,17,3,787,407,67,19,3,789,410,27,9,3,784,411,19,7,3,782,408,,,
19 36 26.935,+41 53 33.76,,6450107,19362693+4153337,2,7.599,406,23,8,3,465,421,39,12,3,468,422,63,18,3,469,425,47,14,3,465,425,,,
19 33 08.618,+46 02 21.95,,9468475,19330861+4602219,2,7.606,288,46,14,2,650,819,22,8,2,649,814,38,12,2,644,814,62,18,2,645,819,,,
19 17 04.762,+46 24 47.84,,9704325,19170476+4624477,2,7.618,213,61,18,1,425,894,45,14,1,431,893,21,8,1,429,898,37,12,1,424,898,,,
19 55 12.048,+46 39 55.94,,9851142,19551204+4639559,2,7.631,192,52,15,4,818,222,8,3,4,816,226,36,11,4,821,226,80,23,4,822,222,, False_Positive,
19 08 00.666,+43 58 01.56,,8085683,19080067+4358013,2,7.635,159,37,12,1,726,175,61,18,1,726,170,45,14,1,733,170,21,8,1,730,175,,,
19 26 28.493,+47 58 11.68,,10664975,19262849+4758116,2,7.639,210,66,19,2,817,724,26,9,2,820,724,18,7,2,821,720,58,17,2,816,719,,,
19 27 24.421,+42 13 45.47,,6777469,19272440+4213453,0,7.64,379,21,8,1,647,665,37,12,1,642,664,61,18,1,643,660,45,14,1,649,660,,,
19 14 12.596,+49 46 03.48,,11656042,19141259+4946035,0,7.664,86,82,24,2,595,102,30,10,2,599,102,2,2,2,600,97,54,16,2,594,97,,,
19 35 49.863,+42 21 57.94,,6870455,19354984+4221580,0,7.664,139,23,8,3,886,292,39,12,3,890,292,63,18,3,891,296,47,14,3,886,296,,,
19 26 24.133,+49 10 47.56,,11349943,19262414+4910475,2,7.672,184,68,19,4,417,923,28,9,4,412,923,20,7,4,410,926,60,17,4,415,927,,,
20 04 55.593,+44 48 54.85,,8719675,20045559+4448547,2,7.694,146,32,10,4,181,613,4,2,4,182,619,56,16,4,186,617,84,24,4,188,614,,,
19 41 35.354,+49 41 43.19,,11618103,19413535+4941431,2,7.695,73,69,20,1,842,1034,9,4,1,843,1039,13,6,1,838,1039,73,22,1,838,1034,,,
19 35 29.972,+45 26 08.61,,9094435,19352998+4526086,0,7.696,331,45,14,1,689,744,21,8,1,687,749,37,12,1,682,749,61,18,1,683,744,,,
19 00 31.939,+41 41 03.29,,6267965,19003193+4141033,0,7.7,0,33,11,1,362,1110,77,23,1,361,1107,49,15,1,364,1107,5,3,1,364,1111,,,
19 32 44.226,+46 18 38.22,,9652494,19324423+4618381,2,7.701,300,46,14,2,723,576,22,8,2,721,571,38,12,2,717,571,62,18,2,718,576,,,
19 45 26.511,+44 14 19.50,,8313018,19452650+4414196,2,7.708,390,27,9,3,630,628,19,7,3,629,625,59,17,3,634,624,67,19,3,636,627,,,
19 08 38.033,+38 30 31.82,,3429637,19083803+3830318,2,7.711,104,14,6,2,920,539,74,22,2,921,544,70,20,2,924,545,10,4,2,925,540,,,
19 54 14.721,+44 50 50.37,,8710324,19541471+4450504,0,7.743,289,30,10,2,460,819,2,2,2,461,814,54,16,2,455,814,82,24,2,455,819,,,
19 04 23.784,+38 06 27.40,,2970780,19042378+3806274,0,7.744,385,15,6,3,421,683,75,22,3,418,689,71,20,3,417,689,11,4,3,416,684,,,
19 04 04.608,+48 52 00.26,,11180361,19040461+4852002,2,7.748,120,78,23,2,795,988,50,15,2,799,988,6,3,2,798,983,34,11,2,795,984,, False_Positive,
19 40 46.438,+44 31 42.66,,8504443,19404644+4431426,2,7.763,13,26,9,2,1003,28,18,7,2,1006,24,58,17,2,1000,23,66,19,2,1001,28,,,
19 02 39.403,+43 07 02.93,,7510397,19023940+4307029,2,7.771,240,40,12,4,273,281,64,18,4,274,277,48,14,4,270,277,24,8,4,270,281,,,
19 16 25.275,+46 25 44.80,,9704050,19162528+4625449,2,7.771,136,61,18,1,494,971,45,14,1,500,970,21,8,1,498,975,37,12,1,493,975,,,
19 41 45.643,+43 44 51.50,,7970740,19414564+4344515,2,7.777,234,26,9,2,792,721,18,7,2,794,717,58,17,2,789,717,66,19,2,789,722,,,
19 29 56.681,+44 41 22.88,,8561664,19295668+4441228,2,7.781,,,,,,,43,13,3,600,28,,,,,,41,13,1,596,31,,,
19 09 46.719,+47 44 48.47,,10525205,19094672+4744485,2,7.789,18,63,18,3,107,1090,47,14,3,101,1090,23,8,3,102,1086,39,12,3,106,1086,,,
19 27 57.239,+42 46 35.90,,7201012,19275724+4246355,2,7.799,102,21,8,1,276,1005,37,12,1,271,1005,61,18,1,272,1001,45,14,1,278,1000,,,
19 00 25.510,+39 20 15.68,,4242575,19002550+3920156,2,7.803,213,16,6,4,516,228,76,22,4,513,222,72,20,4,511,222,12,4,4,511,227,,,
19 49 00.905,+44 22 44.98,,8382172,19490090+4422449,2,7.805,29,27,9,3,62,794,19,7,3,60,791,59,17,3,65,791,67,19,3,68,794,,,
19 40 44.554,+41 04 53.44,,5802562,19404454+4104533,2,7.812,81,6,3,2,112,163,34,11,2,110,163,78,23,2,109,167,50,15,2,113,167,,,
19 56 07.752,+44 49 34.68,,8712121,19560775+4449346,2,7.813,134,30,10,2,720,974,2,2,2,721,970,54,16,2,715,970,82,24,2,715,974,,,
18 59 28.699,+43 43 59.38,,7944142,18592870+4343593,2,7.817,103,59,17,3,186,118,67,19,3,189,121,27,9,3,183,122,19,7,3,182,118,,,
19 24 30.631,+37 11 16.22,,1572070,19243063+3711162,0,7.82,357,4,2,4,518,372,56,16,4,521,370,84,24,4,524,367,32,10,4,517,366,,,
19 39 07.563,+40 37 36.55,,5458880,19390756+4037365,2,7.824,298,6,3,2,330,609,34,11,2,328,610,78,23,2,327,613,50,15,2,330,613,,,
19 10 50.616,+39 10 17.98,,4044238,19105061+3910180,2,7.828,219,14,6,2,256,805,74,22,2,257,809,70,20,2,261,811,10,4,2,261,805,,,
19 57 02.017,+41 34 26.89,,6234579,19570201+4134267,0,7.829,,,,,,,14,6,2,1042,95,74,22,2,1042,100,,,,,,,,
19 51 50.990,+41 20 55.64,,6065699,19515098+4120556,2,7.833,139,10,4,2,820,969,14,6,2,815,968,74,22,2,815,973,70,20,2,819,974,,,
19 37 08.854,+40 12 49.72,,5108214,19370885+4012497,2,7.837,16,6,3,2,480,1092,34,11,2,478,1093,78,23,2,477,1096,50,15,2,480,1096,,,
18 53 54.182,+40 19 25.56,,5164767,18535417+4019255,2,7.838,121,35,11,3,156,819,79,23,3,156,823,51,15,3,153,824,7,3,3,151,820,,,
19 40 45.379,+48 30 45.11,,11037105,19404537+4830451,2,7.841,148,69,20,1,206,164,9,4,1,206,169,13,6,1,202,169,73,22,1,201,165,,,
19 33 13.255,+42 48 29.16,,7286856,19331325+4248291,2,7.851,317,22,8,2,710,458,38,12,2,706,459,62,18,2,707,463,46,14,2,711,463,,,
18 58 03.461,+47 11 29.94,,10124866,18580346+4711299,2,7.861,97,73,22,1,130,297,69,20,1,136,296,9,4,1,136,302,13,6,1,131,302,,,
19 25 27.912,+42 47 03.72,,7198959,19252793+4247040,2,7.862,0,21,8,1,49,660,37,12,1,44,659,61,18,1,45,655,45,14,1,51,654,,,
18 41 34.994,+43 32 58.92,,7798339,18413499+4332589,2,7.864,348,56,16,4,377,402,84,24,4,380,399,32,10,4,372,398,4,2,4,374,404,,,
19 08 04.834,+49 04 54.59,,11288450,19080483+4904545,0,7.864,423,77,23,1,602,640,49,15,1,606,640,5,3,1,606,644,33,11,1,603,643,,,
19 30 30.237,+48 12 43.00,,10863107,19303022+4812430,2,7.869,241,65,19,1,681,866,25,9,1,684,866,17,7,1,685,871,57,17,1,680,871,,,
19 32 55.935,+39 39 45.76,,4567097,19325593+3939457,2,7.871,232,5,3,1,533,248,33,11,1,530,247,77,23,1,529,243,49,15,1,532,244,,,
19 47 19.783,+40 59 39.59,,5724440,19471978+4059395,2,7.874,292,9,4,1,736,425,13,6,1,731,425,73,22,1,730,420,69,20,1,735,419,,,
19 57 52.543,+44 23 03.01,,8390838,19575254+4423030,2,7.874,241,29,10,1,790,765,1,2,1,791,769,53,16,1,784,769,81,24,1,784,765,,,
19 40 20.798,+48 57 18.29,,11251115,19402079+4857182,2,7.879,316,69,20,1,352,542,9,4,1,352,548,13,6,1,347,548,73,22,1,347,543,,,
19 18 58.198,+39 16 01.42,,4150611,19185819+3916014,2,7.899,13,20,7,4,47,577,60,17,4,53,577,68,19,4,55,574,28,9,4,49,574,, False_Positive, Planetary_candidate
19 26 25.971,+49 27 55.02,,11506859,19262590+4927539,2,7.903,159,68,19,4,201,781,28,9,4,196,781,20,7,4,194,784,60,17,4,199,785,,,
19 33 43.200,+39 43 40.73,,4660665,19334320+3943407,2,7.911,380,5,3,1,553,396,33,11,1,551,395,77,23,1,549,391,49,15,1,553,392,,,
19 35 36.437,+40 01 38.75,,4931363,19353643+4001387,2,7.914,292,5,3,1,489,816,33,11,1,487,815,77,23,1,486,812,49,15,1,489,812,,,
19 17 29.333,+39 14 40.61,,4149233,19172932+3914407,0,7.92,139,20,7,4,175,350,60,17,4,180,350,68,19,4,182,347,28,9,4,177,347,,,
19 47 56.689,+41 45 18.33,,6382808,19475669+4145181,2,7.926,151,9,4,1,182,847,13,6,1,178,847,73,22,1,177,843,69,20,1,182,842,,,
19 02 16.361,+42 59 44.70,,7345479,19021636+4259447,2,7.93,123,40,12,4,157,331,64,18,4,158,328,48,14,4,153,328,24,8,4,153,332,,,
19 15 33.020,+41 35 34.48,,6195870,19153302+4135343,0,7.932,6,18,7,2,39,959,58,17,2,34,959,66,19,2,34,964,26,9,2,37,964,,,
18 46 10.322,+46 37 50.99,,9812351,18461032+4637509,2,7.934,154,74,22,2,878,172,70,20,2,882,173,10,4,2,883,168,14,6,2,877,167,,,
19 23 56.407,+48 22 31.40,,10918449,19235640+4822314,2,7.939,193,67,19,3,833,599,27,9,3,828,599,19,7,3,826,596,59,17,3,831,595,,,
19 14 04.660,+40 33 59.66,,5352052,19140466+4033595,2,7.94,362,17,7,1,664,533,57,17,1,660,533,65,19,1,660,528,25,9,1,664,529,,,
19 24 48.692,+43 31 18.51,,7820638,19244868+4331187,2,7.949,131,43,13,3,896,177,44,13,4,150,926,41,13,1,892,180,42,13,2,146,923,,,
19 23 57.449,+38 06 51.70,,2987660,19235744+3806517,2,7.953,143,1,2,1,887,741,53,16,1,881,741,81,24,1,881,736,29,10,1,886,736,,,
19 05 45.996,+39 07 10.80,,4040917,19054599+3907108,2,7.955,21,13,6,1,1010,940,73,22,1,1010,935,69,20,1,1014,935,9,4,1,1014,940,,,
19 22 48.455,+48 53 07.01,,11188366,19224843+4853069,0,7.955,316,67,19,3,354,707,27,9,3,348,708,19,7,3,347,704,59,17,3,352,704,,,
19 56 50.139,+44 16 16.00,,8324268,19565014+4416159,2,7.955,358,29,10,1,593,749,1,2,1,594,754,53,16,1,588,754,81,24,1,588,750,,,
19 10 57.768,+41 46 33.56,,6352430,19105776+4146335,2,7.958,132,39,12,3,691,147,63,18,3,692,151,47,14,3,687,151,23,8,3,688,147,,,
19 48 09.666,+48 24 00.61,,10988024,19480966+4824009,0,7.961,0,51,15,3,1038,111,7,3,3,1036,107,35,11,3,1041,107,79,23,3,1042,111,,,
19 05 03.388,+49 05 16.09,,11287318,19050338+4905159,2,7.962,108,77,23,1,870,1000,49,15,1,874,1000,5,3,1,873,1004,33,11,1,871,1003,,,
18 53 39.228,+47 13 05.52,,10190244,18533922+4713055,2,7.969,290,73,22,1,565,818,69,20,1,570,817,9,4,1,570,822,13,6,1,565,822,,,
19 14 25.455,+39 39 08.19,,4551179,19142545+3939082,0,7.97,98,20,7,4,781,113,60,17,4,786,114,68,19,4,788,111,28,9,4,783,110,,,
19 16 26.335,+46 35 47.47,,9764544,19162633+4635474,2,7.972,224,61,18,1,618,884,45,14,1,624,883,21,8,1,622,888,37,12,1,617,888,,,
19 33 21.766,+41 19 46.92,,6047321,19332176+4119469,0,7.972,16,24,8,4,296,1092,40,12,4,299,1092,64,18,4,300,1088,48,14,4,296,1088,,,
19 08 08.343,+44 02 11.00,,8153795,19080834+4402109,2,7.977,120,37,12,1,672,136,61,18,1,673,131,45,14,1,680,131,21,8,1,677,136,,,
19 20 32.245,+38 25 31.40,,3337423,19203225+3825313,0,7.982,287,1,2,1,320,385,53,16,1,314,385,81,24,1,314,380,29,10,1,319,380,,,
19 33 47.146,+43 31 02.24,,7827131,19334714+4331022,2,7.986,32,22,8,2,209,46,38,12,2,204,46,62,18,2,206,50,46,14,2,210,52,,,
19 12 31.114,+43 44 14.57,,7950369,19123111+4344145,2,7.987,211,37,12,1,244,768,61,18,1,245,764,45,14,1,251,763,21,8,1,248,768,,,
19 08 33.734,+37 54 36.76,,2696955,19083373+3754367,2,7.989,90,15,6,3,920,105,75,22,3,916,110,71,20,3,916,110,11,4,3,915,105,,,
19 23 02.624,+38 35 03.88,,3441157,19230262+3835040,2,7.991,273,1,2,1,442,835,53,16,1,436,835,81,24,1,436,831,29,10,1,441,830,,,
19 10 46.809,+38 54 19.76,,3838362,19104680+3854197,0,8.001,369,14,6,2,404,614,74,22,2,404,619,70,20,2,408,620,10,4,2,409,614,,,
19 00 21.101,+49 07 53.33,,11338492,19002109+4907533,2,8.005,181,79,23,3,846,688,51,15,3,842,688,7,3,3,841,685,35,11,3,846,684,,,
19 39 10.195,+43 50 22.31,,8037519,19391019+4350223,2,8.006,424,26,9,2,466,439,18,7,2,469,434,58,17,2,463,434,66,19,2,464,439,,,
19 26 05.482,+42 19 34.10,,6862114,19260548+4219341,2,8.009,421,21,8,1,455,525,37,12,1,450,525,61,18,1,451,521,45,14,1,458,520,,,
18 46 08.197,+44 00 38.64,,8143842,18460807+4400361,2,8.01,64,53,16,1,945,558,81,24,1,945,553,29,10,1,951,554,1,2,1,951,558,,,
19 16 52.313,+47 10 55.85,,10134484,19165231+4710558,2,8.014,10,61,18,1,1020,531,45,14,1,1026,531,21,8,1,1023,536,37,12,1,1019,536,,,
19 31 16.226,+38 24 02.92,,3347643,19311622+3824029,2,8.018,214,3,2,3,806,244,55,16,3,808,246,83,24,3,810,249,31,10,3,804,250,,,
19 37 30.024,+45 13 35.27,,8960196,19373002+4513353,0,8.022,165,45,14,1,867,420,21,8,1,865,424,37,12,1,860,424,61,18,1,861,419,,,
19 58 51.658,+47 21 43.49,,10298061,19585165+4721434,0,8.025,0,52,15,4,30,530,8,3,4,28,534,36,11,4,33,534,80,23,4,33,531,,,
18 58 21.000,+39 17 44.38,,4135680,18582100+3917443,2,8.029,25,16,6,4,202,40,76,22,4,200,34,72,20,4,197,35,12,4,4,197,39,,,
19 35 19.925,+44 48 42.62,,8694381,19351995+4448426,2,8.032,257,45,14,1,378,272,21,8,1,375,277,37,12,1,371,277,61,18,1,371,273,,,
19 29 55.279,+49 30 31.32,,11560273,19295528+4930313,2,8.036,311,68,19,4,440,326,28,9,4,434,325,20,7,4,432,328,60,17,4,438,329,,,
19 23 44.628,+40 47 14.06,,5530935,19234462+4047140,2,8.04,185,19,7,3,745,200,59,17,3,750,199,67,19,3,753,203,27,9,3,747,203,,,
19 15 40.072,+41 02 32.95,,5781827,19154007+4102329,2,8.048,107,17,7,1,462,1001,57,17,1,457,1001,65,19,1,458,996,25,9,1,461,996,,,
19 59 47.522,+44 32 20.58,,8521828,19594752+4432205,0,8.052,0,32,10,4,1033,750,4,2,4,1034,756,56,16,4,1038,755,84,24,4,1040,752,,,
19 26 05.923,+38 48 49.10,,3747220,19260592+3848490,2,8.054,286,2,2,2,558,822,54,16,2,552,822,82,24,2,552,826,30,10,2,557,827,,,
19 58 27.688,+45 24 20.44,,9114783,19582768+4524203,2,8.057,157,31,10,3,873,676,3,2,3,875,670,55,16,3,877,672,83,24,3,880,675,,,
19 47 51.743,+42 55 40.75,,7381823,19475174+4255407,2,8.058,176,28,9,4,855,365,20,7,4,853,368,60,17,4,858,369,68,19,4,861,365,,,
19 11 56.522,+43 53 25.87,,8018827,19115652+4353258,2,8.065,212,37,12,1,242,601,61,18,1,243,596,45,14,1,249,595,21,8,1,246,601,,,
19 14 24.478,+45 37 32.20,,9211088,19142447+4537321,2,8.074,38,62,18,2,72,581,46,14,2,77,582,22,8,2,75,577,38,12,2,70,577,,,
18 51 51.225,+44 14 22.31,,8280417,18515122+4414223,2,8.075,64,53,16,1,92,979,81,24,1,92,975,29,10,1,97,974,1,2,1,98,979,,,
19 26 22.078,+50 59 14.06,,12258514,19262207+5059140,2,8.077,34,81,24,1,549,49,29,10,1,555,48,1,2,1,556,53,53,16,1,549,53,,,
19 44 18.665,+43 13 07.21,,7622690,19441866+4313072,2,8.083,108,25,9,1,922,879,17,7,1,923,883,57,17,1,918,884,65,19,1,918,879,,,
19 36 01.140,+46 36 16.11,,9836221,19360112+4636162,2,8.089,167,47,14,3,866,610,23,8,3,866,606,39,12,3,870,607,63,18,3,871,610,,,
19 44 50.658,+50 46 57.89,,12168835,19445067+5046580,2,8.09,404,71,20,3,431,560,11,4,3,429,555,15,6,3,435,555,75,22,3,432,561,,,
19 39 09.078,+41 52 38.15,,6452413,19390907+4152382,2,8.091,20,23,8,3,222,35,39,12,3,225,36,63,18,3,227,39,47,14,3,222,39,,,
19 52 36.758,+48 06 22.18,,10815604,19523675+4806221,2,8.092,446,51,15,3,571,661,7,3,3,569,657,35,11,3,574,657,79,23,3,575,661,,,
19 08 02.647,+41 43 36.01,,6350802,19080264+4143360,2,8.093,228,39,12,3,263,395,63,18,3,264,399,47,14,3,259,399,23,8,3,259,395,,,
19 42 25.733,+44 01 18.34,,8177087,19422573+4401183,2,8.093,21,26,9,2,1009,559,18,7,2,1011,555,58,17,2,1006,555,66,19,2,1006,560,,,
19 12 56.969,+40 41 37.90,,5437353,19125697+4041379,2,8.097,423,17,7,1,459,439,57,17,1,455,439,65,19,1,456,434,25,9,1,460,434,,,
18 44 50.846,+43 33 45.94,,7799575,18445084+4333459,2,8.105,240,56,16,4,796,736,84,24,4,798,733,32,10,4,791,732,4,2,4,793,738,,,
18 46 12.197,+44 08 08.30,,8211500,18461219+4408083,2,8.105,169,53,16,1,865,477,81,24,1,865,473,29,10,1,871,473,1,2,1,871,478,,,
19 11 07.903,+38 46 48.46,,3633538,19110793+3846485,2,8.105,377,14,6,2,418,486,74,22,2,418,490,70,20,2,422,491,10,4,2,423,486,,,
19 19 36.098,+40 35 07.26,,5356349,19193610+4035072,2,8.106,49,19,7,3,981,895,59,17,3,986,894,67,19,3,989,898,27,9,3,983,898,,,
19 41 51.787,+49 59 19.57,,11770546,19415178+4959195,2,8.106,24,70,20,2,1008,978,10,4,2,1009,973,14,6,2,1003,972,74,22,2,1003,978,,,
19 43 37.768,+48 46 41.34,,11146627,19433776+4846413,2,8.107,147,69,20,1,698,162,9,4,1,699,168,13,6,1,694,168,73,22,1,693,163,,,
19 58 51.888,+47 21 48.13,,10298067,19585188+4721481,0,8.107,0,52,15,4,28,531,8,3,4,27,535,36,11,4,32,535,80,23,4,32,531,,,
18 55 46.776,+40 12 10.34,,5078533,18554677+4012103,2,8.11,314,35,11,3,345,535,79,23,3,346,538,51,15,3,342,539,7,3,3,341,535,,,
19 01 09.710,+41 24 53.89,,6106152,19010971+4124538,2,8.118,255,34,11,2,422,854,78,23,2,421,857,50,15,2,425,857,6,3,2,424,853,,,
19 27 34.240,+37 07 04.78,,1575741,19273423+3707049,0,8.128,141,4,2,4,169,804,56,16,4,172,802,84,24,4,175,799,32,10,4,168,798,,,
18 55 20.014,+40 08 19.75,,4989821,18552001+4008197,0,8.131,217,35,11,3,249,536,79,23,3,249,539,51,15,3,245,540,7,3,3,244,536,,,
19 27 32.810,+49 15 23.55,,11402951,19273281+4915234,2,8.134,364,68,19,4,449,743,28,9,4,443,743,20,7,4,441,746,60,17,4,447,747,,,
19 03 39.254,+39 54 39.38,,4818496,19033925+3954393,2,8.137,129,13,6,1,887,144,73,22,1,887,139,69,20,1,892,139,9,4,1,891,144,,,
19 10 27.007,+38 33 41.80,,3430868,19102701+3833417,2,8.138,378,14,6,2,630,393,74,22,2,631,397,70,20,2,634,398,10,4,2,635,393,,,
19 51 24.780,+40 44 07.37,,5557932,19512477+4044073,2,8.14,143,12,4,4,889,927,16,6,4,894,927,76,22,4,892,922,72,20,4,890,922,,,
19 16 37.373,+47 27 30.92,,10333063,19163737+4727309,2,8.145,115,64,18,4,915,423,48,14,4,910,423,24,8,4,910,427,40,12,4,914,427,,,
19 38 05.182,+45 53 03.98,,9349245,19380518+4553039,2,8.151,110,48,14,4,917,887,24,8,4,917,891,40,12,4,921,891,64,18,4,922,887,,,
19 02 41.489,+38 08 12.52,,2969462,19024148+3808125,2,8.154,164,15,6,3,192,884,75,22,3,188,889,71,20,3,187,889,11,4,3,186,884,,,
19 20 38.710,+40 55 45.52,,5700368,19203871+4055455,2,8.16,10,18,7,2,1020,573,58,17,2,1015,573,66,19,2,1016,578,26,9,2,1018,577,,,
19 54 01.119,+46 48 50.18,,9969701,19540112+4648501,2,8.16,113,52,15,4,919,425,8,3,4,918,429,36,11,4,923,430,80,23,4,923,426,,,
19 56 39.513,+41 52 19.92,,6471223,19563951+4152199,2,8.16,15,10,4,2,778,28,14,6,2,773,28,74,22,2,773,33,70,20,2,777,34,,,
18 54 27.605,+45 21 30.60,,9003096,18542760+4521306,2,8.161,411,60,17,4,441,445,68,19,4,443,442,28,9,4,438,441,20,7,4,436,445,,,
19 19 27.202,+41 13 25.61,,5954264,19192720+4113256,2,8.162,346,18,7,2,686,595,58,17,2,681,595,66,19,2,681,600,26,9,2,684,600,,,
18 57 58.944,+44 59 17.23,,8738244,18575894+4459172,2,8.163,53,60,17,4,681,1054,68,19,4,683,1050,28,9,4,678,1050,20,7,4,676,1053,,,
19 24 30.329,+40 19 23.74,,5184732,19243033+4019237,2,8.165,289,19,7,3,321,317,59,17,3,326,317,67,19,3,329,320,27,9,3,323,320,,,
19 18 48.545,+41 55 27.70,,6515613,19184854+4155277,2,8.166,67,18,7,2,97,335,58,17,2,92,335,66,19,2,92,340,26,9,2,95,340,,,
18 42 15.038,+44 10 13.98,,8210100,18421503+4410139,2,8.17,27,56,16,4,823,42,84,24,4,825,39,32,10,4,817,38,4,2,4,819,44,,,
19 35 44.847,+42 15 28.08,,6784681,19354484+4215280,2,8.173,221,23,8,3,809,354,39,12,3,812,354,63,18,3,814,358,47,14,3,809,358,,,
19 15 17.239,+40 06 49.21,,5001462,19151723+4006492,0,8.179,0,20,7,4,1041,473,,,,,,,,,,,28,9,4,1043,470,,,
19 15 54.701,+47 03 40.46,,10068307,19155470+4703404,2,8.179,22,61,18,1,1012,715,45,14,1,1018,715,21,8,1,1016,720,37,12,1,1011,719,,,
19 27 04.867,+37 34 13.76,,2161731,19270486+3734137,2,8.18,160,4,2,4,563,947,56,16,4,565,946,84,24,4,568,943,32,10,4,561,942,,,
19 53 34.788,+44 08 08.66,,8254901,19533479+4408085,2,8.181,10,29,10,1,68,882,1,2,1,69,887,53,16,1,62,887,81,24,1,62,883,,,
19 20 11.122,+46 56 05.03,,10007364,19201112+4656050,2,8.183,216,61,18,1,550,231,45,14,1,557,230,21,8,1,554,235,37,12,1,549,235,,,
19 49 01.219,+44 22 36.01,,8382182,19490121+4422360,2,8.183,28,27,9,3,62,797,19,7,3,60,794,59,17,3,65,793,67,19,3,68,796,,,
19 16 53.498,+44 46 33.20,,8617950,19165349+4446332,2,8.185,376,44,13,4,446,391,41,13,1,357,476,42,13,2,442,388,43,13,3,362,473,,,
19 27 19.255,+50 24 09.58,,12013435,19271925+5024095,2,8.188,0,81,24,1,28,215,29,10,1,34,214,1,2,1,35,219,53,16,1,28,219,,,
19 41 04.920,+43 16 16.61,,7619502,19410492+4316165,2,8.193,68,26,9,2,482,1041,18,7,2,483,1036,58,17,2,478,1036,66,19,2,479,1041,,,
19 53 48.516,+48 17 24.14,,10879812,19534851+4817241,2,8.193,306,51,15,3,334,597,7,3,3,332,593,35,11,3,337,592,79,23,3,338,596,,,
19 34 27.151,+45 04 59.12,,8823410,19342715+4504591,2,8.198,349,45,14,1,383,555,21,8,1,380,560,37,12,1,375,560,61,18,1,376,556,,,
19 46 36.566,+43 45 47.99,,7974841,19463656+4345480,2,8.198,12,27,9,3,672,1096,19,7,3,670,1093,59,17,3,676,1092,67,19,3,678,1096,,,
19 35 32.008,+46 35 22.33,,9775454,19353199+4635225,2,8.203,95,47,14,3,938,584,23,8,3,938,580,39,12,3,942,580,63,18,3,943,583,,,
19 12 09.533,+41 50 15.32,,6432054,19120953+4150153,2,8.209,62,39,12,3,888,77,63,18,3,889,81,47,14,3,884,81,23,8,3,885,77,,,
19 26 28.373,+48 52 14.88,,11189959,19262837+4852148,2,8.212,44,68,19,4,659,1064,28,9,4,654,1063,20,7,4,652,1067,60,17,4,657,1068,,,
19 43 40.932,+44 04 49.44,,8178161,19434091+4404495,2,8.219,79,27,9,3,950,614,19,7,3,948,611,59,17,3,953,610,67,19,3,955,613,,,
19 01 41.470,+45 36 16.42,,9205436,19014146+4536164,2,8.223,143,57,17,1,674,965,65,19,1,675,960,25,9,1,678,960,17,7,1,679,965,,,
19 09 26.835,+38 42 50.46,,3632418,19092683+3842505,2,8.224,338,14,6,2,695,608,74,22,2,696,612,70,20,2,700,613,10,4,2,701,608,,,
19 30 51.602,+40 01 28.34,,4927048,19305160+4001283,2,8.227,37,5,3,1,65,110,33,11,1,63,110,77,23,1,61,106,49,15,1,65,107,,,
19 03 07.707,+42 45 29.56,,7183551,19030770+4245295,2,8.229,112,40,12,4,143,589,64,18,4,144,585,48,14,4,140,585,24,8,4,140,589,,,
19 55 33.571,+48 10 27.01,,10818265,19553357+4810270,2,8.24,120,51,15,3,147,810,7,3,3,146,807,35,11,3,151,806,79,23,3,151,810,,,
19 12 31.389,+40 07 53.08,,4999580,19123138+4007530,2,8.243,73,17,7,1,836,88,57,17,1,832,89,65,19,1,833,84,25,9,1,837,84,,,
18 44 57.569,+44 21 32.26,,8343931,18445756+4421322,2,8.246,143,53,16,1,892,193,81,24,1,893,189,29,10,1,898,189,1,2,1,899,194,,,
19 05 08.174,+46 53 39.70,,9940609,19050817+4653396,2,8.247,45,63,18,3,317,61,47,14,3,312,61,23,8,3,312,57,39,12,3,316,57,,,
18 58 02.383,+47 25 10.85,,10324412,18580238+4725108,2,8.248,159,73,22,1,296,174,69,20,1,301,173,9,4,1,301,179,13,6,1,297,179,,,
19 13 30.013,+42 54 39.55,,7352201,19133001+4254396,2,8.248,360,38,12,2,536,748,62,18,2,538,752,46,14,2,543,753,22,8,2,541,748,,,
19 25 10.593,+43 39 33.84,,7889528,19251059+4339338,2,8.249,16,43,13,3,1014,250,44,13,4,223,1043,41,13,1,1010,252,42,13,2,219,1041,,,
19 24 19.632,+47 24 47.15,,10337574,19241963+4724471,0,8.251,162,66,19,2,568,177,26,9,2,570,177,18,7,2,573,172,58,17,2,567,172,,,
19 05 02.076,+37 30 15.84,,2141385,19050207+3730158,2,8.257,159,15,6,3,193,174,75,22,3,189,180,71,20,3,188,179,11,4,3,187,175,,,
19 12 15.989,+48 08 00.73,,10788228,19121600+4808008,2,8.257,6,64,18,4,37,624,48,14,4,32,624,24,8,4,32,628,40,12,4,36,627,,,
19 42 36.562,+39 59 52.80,,4850372,19423656+3959528,0,8.259,0,7,3,3,1039,373,35,11,3,1044,373,79,23,3,1044,377,51,15,3,1040,377,,,
19 54 18.439,+41 31 52.25,,6231193,19541843+4131522,2,8.263,163,10,4,2,869,523,14,6,2,864,523,74,22,2,864,528,70,20,2,868,529,,,
18 50 35.553,+41 30 29.20,,6181933,18503555+4130292,2,8.271,197,36,11,4,373,211,80,23,4,373,207,52,15,4,369,207,8,3,4,368,211,,,
19 39 40.560,+38 38 36.74,,3558705,19394056+3838367,2,8.274,203,8,3,4,232,794,36,11,4,237,794,80,23,4,238,790,52,15,4,234,790,,,
19 35 29.839,+46 25 41.88,,9715163,19352984+4625418,2,8.275,14,47,14,3,1017,706,23,8,3,1018,702,39,12,3,1021,702,63,18,3,1022,706,,,
18 45 27.778,+43 59 43.14,,8075287,18452778+4359432,0,8.284,0,53,16,1,1039,499,81,24,1,1039,495,29,10,1,1044,495,,,,,,,,
19 46 56.650,+50 12 11.27,,11924514,19465665+5012112,2,8.293,50,72,20,4,417,1057,12,4,4,416,1062,16,6,4,422,1063,76,22,4,419,1057,,,
19 31 45.840,+38 01 12.14,,2859567,19314584+3801121,2,8.295,335,3,2,3,466,350,55,16,3,468,352,83,24,3,471,355,31,10,3,465,356,,,
19 29 40.358,+44 03 22.79,,8167380,19294035+4403227,2,8.298,147,42,13,2,336,163,43,13,3,136,367,44,13,4,340,165,41,13,1,132,370,,,
19 31 41.669,+49 06 27.00,,11352446,19314166+4906270,2,8.298,145,68,19,4,886,292,28,9,4,880,292,20,7,4,878,295,60,17,4,884,296,,,
19 26 20.035,+38 55 27.30,,3850749,19262003+3855272,2,8.299,375,2,2,2,496,733,54,16,2,490,733,82,24,2,490,738,30,10,2,494,738,,,
19 16 50.263,+47 39 50.23,,10463945,19165026+4739502,2,8.303,254,64,18,4,780,292,48,14,4,774,292,24,8,4,775,296,40,12,4,779,295,,,
19 28 37.707,+37 11 18.72,,1577039,19283769+3711187,2,8.304,95,4,2,4,122,999,56,16,4,125,997,84,24,4,127,994,32,10,4,121,994,,,
18 45 18.528,+42 10 35.18,,6664482,18451852+4210352,2,8.307,30,55,16,3,56,470,83,24,3,59,474,31,10,3,53,474,3,2,3,54,468,,,
19 06 27.540,+38 21 13.90,,3219256,19062754+3821138,2,8.307,186,15,6,3,849,649,75,22,3,845,654,71,20,3,844,655,11,4,3,843,650,,,
18 46 17.738,+43 48 56.45,,8006792,18461773+4348564,0,8.308,0,53,16,1,1037,711,81,24,1,1037,706,29,10,1,1042,707,1,2,1,1043,712,,,
19 04 16.378,+41 00 11.43,,5774694,19041638+4100113,2,8.308,185,34,11,2,217,239,78,23,2,217,242,50,15,2,220,242,6,3,2,219,238,,,
19 19 34.212,+43 28 48.53,,7747499,19193421+4328488,0,8.311,127,43,13,3,155,616,44,13,4,588,185,41,13,1,151,618,42,13,2,584,182,,,
19 44 04.589,+50 53 57.84,,12217324,19440458+5053578,2,8.312,398,71,20,3,476,415,11,4,3,474,410,15,6,3,480,410,75,22,3,477,415,,,
19 15 02.218,+47 18 31.43,,10266802,19150221+4718314,2,8.314,141,64,18,4,891,700,48,14,4,886,700,24,8,4,886,704,40,12,4,890,704,,,
19 27 07.750,+41 02 53.41,,5790837,19270775+4102534,2,8.314,40,24,8,4,636,55,40,12,4,640,54,64,18,4,641,51,48,14,4,636,51,,,
18 53 49.550,+45 25 02.60,,9071940,18534954+4525026,2,8.317,326,60,17,4,395,341,68,19,4,396,338,28,9,4,391,337,20,7,4,389,341,,,
19 44 00.758,+39 57 12.64,,4852007,19440076+3957127,2,8.321,149,7,3,3,884,181,35,11,3,888,181,79,23,3,889,185,51,15,3,885,185,,,
18 56 22.133,+45 30 25.27,,9139163,18562213+4530252,2,8.329,269,60,17,4,763,525,68,19,4,765,521,28,9,4,760,521,20,7,4,758,524,,,
19 04 48.969,+38 44 33.43,,3629496,19044897+3844334,2,8.334,3,15,6,3,819,1105,75,22,3,816,1110,71,20,3,814,1110,11,4,3,814,1105,,,
19 38 38.206,+50 12 16.60,,11919754,19383820+5012166,2,8.335,335,70,20,2,698,576,10,4,2,700,571,14,6,2,694,570,74,22,2,694,575,,,
19 11 00.703,+51 21 43.85,,12453925,19110070+5121438,2,8.336,95,83,24,3,123,551,31,10,3,116,551,3,2,3,118,545,55,16,3,121,547,,,
19 27 49.366,+48 10 36.30,,10797526,19274936+4810363,2,8.342,112,66,19,2,867,997,26,9,2,870,996,18,7,2,871,992,58,17,2,866,991,,,
19 32 40.402,+44 52 51.42,,8692626,19324040+4452514,2,8.342,13,45,14,1,44,545,21,8,1,42,550,37,12,1,37,550,61,18,1,38,546,,,
19 44 40.303,+44 17 54.67,,8312388,19444030+4417546,2,8.342,318,27,9,3,713,520,19,7,3,711,517,59,17,3,716,516,67,19,3,719,519,,,
18 52 58.579,+46 55 29.10,,9994858,18525858+4655291,2,8.345,44,73,22,1,421,1064,69,20,1,426,1063,9,4,1,426,1068,13,6,1,421,1069,,,
19 51 51.379,+41 06 37.80,,5900096,19515137+4106378,2,8.346,22,10,4,2,1011,1069,14,6,2,1006,1069,74,22,2,1006,1074,70,20,2,1010,1074,,,
18 45 00.626,+42 38 37.54,,7091342,18450062+4238375,0,8.35,261,55,16,3,287,828,83,24,3,289,832,31,10,3,283,832,3,2,3,285,826,,,
19 24 40.939,+38 45 54.76,,3644542,19244093+3845547,2,8.351,52,2,2,2,461,1056,54,16,2,455,1056,82,24,2,455,1060,30,10,2,459,1061,, False_Positive,
18 43 50.174,+43 50 48.19,,8005874,18435017+4350482,2,8.356,204,56,16,4,833,433,84,24,4,835,430,32,10,4,828,428,4,2,4,830,434,,,
18 58 09.391,+42 42 04.54,,7180968,18580939+4242045,2,8.363,95,33,11,1,126,135,77,23,1,125,132,49,15,1,128,132,5,3,1,129,136,,,
19 41 35.959,+40 09 43.74,,5025003,19413595+4009437,2,8.367,127,6,3,2,907,450,34,11,2,905,451,78,23,2,904,455,50,15,2,908,455,,,
19 09 01.930,+38 53 59.60,,3733735,19090193+3853596,2,8.368,321,14,6,2,658,787,74,22,2,659,792,70,20,2,663,793,10,4,2,663,788,,,
19 12 43.553,+40 37 57.11,,5437206,19124355+4037571,2,8.369,360,17,7,1,483,375,57,17,1,479,375,65,19,1,479,370,25,9,1,483,371,,,
19 20 59.163,+38 47 23.80,,3641446,19205916+3847238,2,8.369,59,1,2,1,88,632,53,16,1,81,632,81,24,1,81,628,29,10,1,87,627,,,
19 37 27.689,+40 35 19.86,,5371516,19372768+4035198,2,8.371,187,6,3,2,215,873,34,11,2,213,874,78,23,2,212,877,50,15,2,215,877,,,
19 48 35.474,+40 15 35.50,,5121116,19483547+4015354,2,8.371,280,12,4,4,740,295,16,6,4,745,296,76,22,4,744,290,72,20,4,741,290,,,
19 50 03.425,+43 33 36.18,,7841024,19500342+4333361,2,8.371,235,28,9,4,264,695,20,7,4,262,699,60,17,4,268,699,68,19,4,270,696,,,
19 58 03.645,+46 40 27.19,,9853314,19580364+4640271,2,8.372,13,52,15,4,418,28,8,3,4,416,32,36,11,4,422,32,80,23,4,422,29,,,
19 09 49.678,+43 33 08.36,,7810954,19094967+4333081,0,8.373,332,37,12,1,701,653,61,18,1,702,648,45,14,1,708,648,21,8,1,705,653,,,
19 30 29.765,+43 10 00.77,,7530366,19302976+4310007,2,8.373,168,22,8,2,198,674,38,12,2,193,674,62,18,2,195,678,46,14,2,199,679,,,
19 46 15.531,+43 56 51.36,,8112039,19461553+4356513,2,8.38,185,27,9,3,642,923,19,7,3,640,920,59,17,3,645,919,67,19,3,648,922,,,
19 16 04.030,+50 09 36.61,,11859158,19160402+5009366,2,8.381,297,82,24,2,735,526,30,10,2,739,526,2,2,2,741,521,54,16,2,734,521,,,
19 04 50.637,+44 41 28.93,,8547390,19045063+4441289,2,8.383,274,58,17,2,760,294,66,19,2,761,300,26,9,2,763,299,18,7,2,765,295,,,
19 05 29.558,+39 36 00.04,,4545666,19052956+3936000,2,8.389,239,13,6,1,794,560,73,22,1,794,555,69,20,1,798,554,9,4,1,798,559,,,
19 46 09.202,+45 03 20.45,,8831759,19460920+4503204,2,8.39,21,27,9,3,172,36,19,7,3,170,33,59,17,3,175,32,67,19,3,178,35,,,
19 00 57.777,+46 29 23.75,,9697403,19005779+4629238,2,8.395,223,57,17,1,286,254,65,19,1,287,249,25,9,1,291,249,17,7,1,290,255,,,
19 01 36.725,+49 42 39.20,,11651229,19013672+4942392,2,8.396,36,80,23,4,539,1072,52,15,4,535,1071,8,3,4,534,1075,36,11,4,539,1075,,,
19 59 16.829,+44 16 03.94,,8326469,19591682+4416039,2,8.396,90,29,10,1,946,569,1,2,1,947,573,53,16,1,940,573,81,24,1,940,569,,,
19 57 34.092,+40 27 16.06,,5307747,19573409+4027160,2,8.397,147,11,4,3,173,477,15,6,3,179,476,75,22,3,176,482,71,20,3,175,482,,,
19 05 02.062,+43 18 44.28,,7668613,19050206+4318442,2,8.399,338,40,12,4,694,370,64,18,4,695,367,48,14,4,690,367,24,8,4,691,370,,,
19 20 25.757,+45 35 40.63,,9150369,19202575+4535406,2,8.4,73,41,13,1,835,88,42,13,2,54,866,43,13,3,840,86,44,13,4,58,869,,,
19 38 04.812,+38 46 30.11,,3657793,19380481+3846301,2,8.402,451,8,3,4,477,610,36,11,4,482,611,80,23,4,482,607,52,15,4,479,607,,,
18 51 50.436,+48 49 40.37,,11176016,18515043+4849403,2,8.403,113,76,22,4,284,127,72,20,4,281,128,12,4,4,281,132,16,6,4,286,133,,,
19 24 09.897,+48 25 40.66,,10974032,19240989+4825406,2,8.403,219,67,19,3,812,653,27,9,3,806,653,19,7,3,804,650,59,17,3,809,649,,,
19 25 25.831,+46 57 29.09,,10010623,19252583+4657291,2,8.403,83,66,19,2,129,98,26,9,2,131,98,18,7,2,134,93,58,17,2,128,93,,,
19 48 36.504,+43 06 32.04,,7548479,19483650+4306320,2,8.404,367,28,9,4,668,450,20,7,4,666,453,60,17,4,672,454,68,19,4,674,450,,,
19 11 24.398,+49 08 10.55,,11342861,19112439+4908107,2,8.406,194,77,23,1,357,209,49,15,1,361,210,5,3,1,361,214,33,11,1,359,213,,,
19 16 45.557,+44 46 07.82,,8617873,19164555+4446078,2,8.406,369,44,13,4,425,384,41,13,1,351,455,42,13,2,421,382,43,13,3,355,452,,,
19 33 56.629,+48 03 32.58,,10735305,19335661+4803324,2,8.408,259,65,19,1,293,494,25,9,1,297,494,17,7,1,297,499,57,17,1,292,499,,,
18 53 23.258,+42 55 49.98,,7340724,18532325+4255499,2,8.414,143,54,16,2,628,157,82,24,2,628,162,30,10,2,632,162,2,2,2,633,157,,,
19 13 38.781,+50 54 30.85,,12253106,19133878+5054308,2,8.414,361,83,24,3,674,622,31,10,3,667,623,3,2,3,669,617,55,16,3,672,619,,,
20 01 39.572,+44 44 27.54,,8653068,20013959+4444276,2,8.414,325,32,10,4,683,781,4,2,4,684,787,56,16,4,687,785,84,24,4,690,782,,,
19 17 46.361,+41 24 36.65,,6116048,19174635+4124366,2,8.418,357,18,7,2,387,739,58,17,2,382,739,66,19,2,382,744,26,9,2,385,744,,,
19 47 06.259,+50 22 50.05,,11973943,19470626+5022500,2,8.418,72,71,20,3,320,1035,11,4,3,319,1031,15,6,3,325,1030,75,22,3,322,1036,,,
19 19 47.143,+50 42 06.62,,12156769,19194714+5042066,2,8.421,129,81,24,1,843,979,29,10,1,848,979,1,2,1,849,984,53,16,1,843,984,,,
19 55 22.452,+43 45 18.07,,7983752,19552245+4345180,2,8.426,141,29,10,1,169,441,1,2,1,170,446,53,16,1,163,447,81,24,1,163,442,,,
19 23 36.910,+43 53 28.68,,8026226,19233691+4353286,2,8.428,122,43,13,3,913,564,44,13,4,537,942,41,13,1,909,567,42,13,2,533,940,,,
19 56 46.200,+44 44 29.44,,8648597,19564620+4444294,2,8.43,19,30,10,2,777,1089,2,2,2,778,1085,54,16,2,772,1085,82,24,2,772,1089,,,
19 45 25.692,+42 32 19.59,,7050496,19452570+4232195,2,8.432,236,25,9,1,785,251,17,7,1,784,256,57,17,1,780,256,65,19,1,780,251,,,
19 43 39.624,+48 55 44.18,,11253226,19433962+4855442,2,8.438,264,69,20,1,769,279,9,4,1,769,285,13,6,1,765,285,73,22,1,764,280,,,
19 52 03.372,+40 48 14.51,,5644675,19520337+4048145,2,8.439,55,12,4,4,892,1053,16,6,4,897,1054,76,22,4,895,1049,72,20,4,893,1048,,,
19 36 33.991,+46 07 23.63,,9532030,19363399+4607236,2,8.441,18,47,14,3,1014,1029,23,8,3,1014,1025,39,12,3,1018,1025,63,18,3,1019,1029,,,
19 14 27.439,+41 15 40.25,,5950394,19142743+4115402,2,8.445,152,17,7,1,182,942,57,17,1,178,942,65,19,1,178,937,25,9,1,182,937,,,
19 16 47.637,+39 08 01.07,,4048716,19164763+3908010,2,8.447,130,20,7,4,159,193,60,17,4,165,193,68,19,4,167,190,28,9,4,161,189,,,
18 51 12.974,+43 35 24.22,,7802146,18511297+4335242,2,8.448,260,54,16,2,539,848,82,24,2,539,853,30,10,2,544,853,2,2,2,545,848,,,
19 02 18.725,+48 44 22.62,,11126216,19021870+4844223,2,8.452,143,78,23,2,859,708,50,15,2,863,708,6,3,2,862,704,34,11,2,860,704,,,
19 24 33.068,+50 14 29.13,,11913210,19243305+5014289,2,8.452,0,81,24,1,119,631,29,10,1,125,630,1,2,1,126,636,53,16,1,119,636,,,
19 37 23.818,+44 42 50.83,,8631401,19372382+4442508,2,8.459,13,45,14,1,619,27,21,8,1,616,32,37,12,1,611,32,61,18,1,612,28,,,
18 54 20.515,+45 49 06.74,,9326304,18542051+4549067,2,8.46,91,60,17,4,683,106,68,19,4,684,102,28,9,4,679,102,20,7,4,677,105,,,
19 28 22.814,+47 46 32.99,,10535643,19282281+4746329,2,8.461,233,66,19,2,514,876,26,9,2,517,876,18,7,2,519,871,58,17,2,514,871,,,
19 44 22.748,+39 17 19.87,,4177885,19442273+3917198,2,8.464,300,7,3,3,328,421,35,11,3,333,421,79,23,3,334,424,51,15,3,330,425,,,
19 37 13.481,+39 41 30.77,,4571402,19371348+3941307,2,8.467,140,5,3,1,894,903,33,11,1,891,902,77,23,1,890,898,49,15,1,893,899,,,
19 52 57.789,+43 01 23.09,,7470902,19525778+4301231,2,8.47,26,28,9,4,70,41,20,7,4,67,44,60,17,4,73,45,68,19,4,75,42,,,
19 31 56.015,+48 35 34.13,,11031993,19315600+4835335,2,8.472,167,65,19,1,863,503,25,9,1,867,504,17,7,1,867,508,57,17,1,862,508,,,
19 44 49.540,+44 04 02.22,,8179058,19444954+4404022,2,8.473,239,27,9,3,793,715,19,7,3,791,712,59,17,3,796,711,67,19,3,799,714,,,
19 29 01.591,+43 10 33.89,,7529180,19290159+4310338,2,8.477,33,22,8,2,63,876,38,12,2,59,876,62,18,2,60,880,46,14,2,65,881,,,
19 29 20.738,+42 05 36.56,,6607814,19292073+4205365,2,8.48,111,21,8,1,923,875,37,12,1,919,875,61,18,1,920,870,45,14,1,925,870,,,
19 16 07.745,+48 11 44.02,,10790415,19160774+4811440,2,8.482,96,64,18,4,321,111,48,14,4,315,111,24,8,4,316,115,40,12,4,320,115,,,
19 10 11.633,+38 04 55.92,,2837475,19101163+3804559,2,8.483,49,14,6,2,916,64,74,22,2,918,69,70,20,2,921,69,10,4,2,922,65,,,
19 49 37.181,+42 54 34.13,,7383872,19493718+4254341,2,8.486,196,28,9,4,607,211,20,7,4,605,214,60,17,4,610,215,68,19,4,612,212,,,
19 30 17.338,+48 39 23.58,,11085556,19301733+4839235,0,8.487,0,65,19,1,1040,683,25,9,1,1044,684,17,7,1,1044,688,57,17,1,1039,688,,,
19 31 26.710,+40 54 07.34,,5708837,19312671+4054073,2,8.489,106,24,8,4,135,612,40,12,4,138,611,64,18,4,139,608,48,14,4,135,608,,,
18 59 09.489,+49 30 33.73,,11547584,18590948+4930337,2,8.49,354,79,23,3,468,754,51,15,3,464,755,7,3,3,462,751,35,11,3,467,751,,,
19 19 22.003,+38 31 49.44,,3437940,19192200+3831494,2,8.49,99,1,2,1,127,264,53,16,1,120,264,81,24,1,120,259,29,10,1,126,259,,,
19 40 00.744,+43 04 55.81,,7456177,19400077+4304558,2,8.492,7,26,9,2,244,1101,18,7,2,245,1096,58,17,2,240,1096,66,19,2,240,1101,,,
20 03 23.465,+44 34 20.53,,8525150,20032346+4434205,2,8.494,472,32,10,4,499,522,4,2,4,500,528,56,16,4,504,526,84,24,4,506,523,,,
19 05 40.625,+49 18 20.81,,11445913,19054062+4918208,2,8.495,58,77,23,1,975,809,49,15,1,979,809,5,3,1,978,814,33,11,1,976,813,,,
19 36 32.458,+48 11 58.45,,10802990,19363245+4811584,2,8.499,77,65,19,1,202,91,25,9,1,206,91,17,7,1,205,96,57,17,1,201,96,,,
19 53 50.535,+45 23 11.62,,9044733,19535053+4523116,2,8.499,342,30,10,2,627,356,2,2,2,629,352,54,16,2,623,352,82,24,2,623,356,,,
19 18 46.291,+41 00 13.18,,5784204,19184629+4100131,2,8.5,248,18,7,2,787,803,58,17,2,782,802,66,19,2,783,807,26,9,2,786,807,,,
19 28 33.456,+44 40 21.86,,8560861,19283345+4440218,2,8.5,168,42,13,2,195,732,43,13,3,705,226,44,13,4,199,734,41,13,1,701,228,, False_Positive,
19 53 35.463,+44 14 36.04,,8321101,19533546+4414361,2,8.501,86,29,10,1,114,967,1,2,1,115,972,53,16,1,109,973,81,24,1,109,968,,,
19 18 24.619,+49 33 53.64,,11555150,19182462+4933536,2,8.505,68,82,24,2,97,508,30,10,2,101,509,2,2,2,103,503,54,16,2,96,503,,,
19 15 18.490,+40 40 05.52,,5438922,19151849+4040055,2,8.507,327,17,7,1,708,759,57,17,1,703,759,65,19,1,704,754,25,9,1,707,755,,,
19 46 29.284,+42 43 18.79,,7218053,19462930+4243188,2,8.516,16,25,9,1,1019,311,17,7,1,1019,315,57,17,1,1014,316,65,19,1,1015,311,,,
19 29 19.046,+42 38 29.08,,7119530,19291904+4238290,2,8.517,17,22,8,2,500,1090,38,12,2,495,1090,62,18,2,496,1095,46,14,2,502,1096,,,
19 32 12.862,+47 59 54.74,,10668565,19321286+4759547,2,8.518,351,65,19,1,381,746,25,9,1,385,746,17,7,1,385,751,57,17,1,380,752,,,
19 37 46.394,+40 30 49.86,,5371784,19374639+4030498,2,8.518,246,6,3,2,301,861,34,11,2,298,862,78,23,2,297,865,50,15,2,301,865,,,
19 12 51.762,+40 54 58.86,,5694612,19125177+4054589,2,8.519,255,17,7,1,285,541,57,17,1,281,541,65,19,1,281,536,25,9,1,285,536,,,
19 41 53.844,+46 32 25.84,,9779768,19415384+4632258,2,8.519,4,48,14,4,104,1104,24,8,4,104,1108,40,12,4,108,1108,64,18,4,109,1104,,,
19 24 18.907,+45 05 28.21,,8816903,19241890+4505282,2,8.52,300,41,13,1,566,807,42,13,2,774,597,43,13,3,571,805,44,13,4,778,600,,,
19 26 19.289,+41 52 12.50,,6442183,19261932+4152126,2,8.52,209,21,8,1,824,337,37,12,1,820,337,61,18,1,820,332,45,14,1,827,332,,,
19 07 33.763,+43 49 19.85,,8016586,19073376+4349198,2,8.525,173,37,12,1,861,239,61,18,1,862,234,45,14,1,869,234,21,8,1,866,239,,,
19 22 36.981,+45 20 47.87,,9018790,19223698+4520478,2,8.532,367,41,13,1,668,466,42,13,2,432,699,43,13,3,672,464,44,13,4,437,702,,,
19 27 56.750,+42 00 29.23,,6606652,19275675+4200292,2,8.532,170,21,8,1,864,635,37,12,1,860,635,61,18,1,861,630,45,14,1,867,630,,,
18 45 09.713,+43 26 49.52,,7730752,18450971+4326495,2,8.535,257,56,16,4,769,850,84,24,4,771,847,32,10,4,765,846,4,2,4,767,851,,,
19 02 19.344,+39 09 17.60,,4038624,19021934+3909176,2,8.535,350,16,6,4,685,558,76,22,4,682,553,72,20,4,680,553,12,4,4,679,558,,,
19 15 38.273,+44 25 48.22,,8423224,19153827+4425482,2,8.537,76,44,13,4,103,537,41,13,1,503,133,42,13,2,99,534,43,13,3,507,130,,,
18 46 17.405,+44 08 59.78,,8211551,18461740+4408597,2,8.544,192,53,16,1,846,476,81,24,1,846,472,29,10,1,852,472,1,2,1,852,477,,,
19 46 30.626,+44 56 01.43,,8766897,19463062+4456014,2,8.545,146,27,9,3,175,160,19,7,3,173,157,59,17,3,178,157,67,19,3,181,160,,,
18 55 55.265,+39 57 03.53,,4814470,18555526+3957035,2,8.547,197,35,11,3,226,339,79,23,3,226,342,51,15,3,222,343,7,3,3,221,339,,,
19 48 22.421,+49 14 11.72,,11414712,19482241+4914117,2,8.547,174,72,20,4,648,188,12,4,4,647,193,16,6,4,653,194,76,22,4,651,188,,,
19 27 24.740,+42 30 47.71,,7033775,19272474+4230477,2,8.548,306,21,8,1,430,802,37,12,1,425,802,61,18,1,426,798,45,14,1,432,797,,,
19 55 49.572,+46 44 39.65,,9911416,19554956+4644396,2,8.548,226,52,15,4,699,241,8,3,4,697,245,36,11,4,702,246,80,23,4,703,242,,,
19 26 09.446,+50 34 23.81,,12061741,19260944+5034237,2,8.559,221,81,24,1,248,274,29,10,1,254,274,1,2,1,255,279,53,16,1,248,279,,,
19 45 44.594,+39 30 13.17,,4484238,19454459+3930132,2,8.56,104,7,3,3,381,118,35,11,3,386,117,79,23,3,387,121,51,15,3,383,122,,,
19 19 47.105,+39 29 36.85,,4359315,19194710+3929368,2,8.561,113,20,7,4,140,809,60,17,4,145,810,68,19,4,147,807,28,9,4,142,806,,,
19 05 05.808,+40 07 33.10,,4995049,19050580+4007330,2,8.562,119,13,6,1,571,134,73,22,1,570,129,69,20,1,575,128,9,4,1,575,133,,,
19 39 31.097,+43 17 04.09,,7618035,19393109+4317040,2,8.567,207,26,9,2,264,902,18,7,2,266,897,58,17,2,261,897,66,19,2,261,902,,,
19 04 27.264,+44 21 55.01,,8352528,19042726+4421550,2,8.57,49,58,17,2,985,93,66,19,2,986,98,26,9,2,988,98,18,7,2,990,93,,,
19 55 33.586,+40 49 12.79,,5648894,19553358+4049127,2,8.576,412,11,4,3,626,632,15,6,3,631,631,75,22,3,628,637,71,20,3,627,637,,,
19 23 52.310,+44 40 02.39,,8557784,19235231+4440024,2,8.583,16,41,13,1,834,1091,,,,,,43,13,3,838,1089,,,,,,,,
18 54 47.246,+47 54 46.34,,10648847,18544724+4754464,2,8.586,83,73,22,1,953,293,69,20,1,958,293,9,4,1,958,298,13,6,1,953,298,,,
18 53 50.621,+42 10 15.82,,6668729,18535062+4210158,2,8.59,45,33,11,1,990,77,77,23,1,989,74,49,15,1,992,74,5,3,1,992,78,,,
20 01 03.079,+46 00 24.12,,9490782,20010307+4600241,2,8.591,237,31,10,3,265,371,3,2,3,266,365,55,16,3,269,367,83,24,3,271,370,,,
18 50 19.356,+46 38 08.56,,9813798,18501935+4638085,2,8.593,434,74,22,2,473,675,70,20,2,478,675,10,4,2,479,670,14,6,2,473,670,,,
18 59 13.752,+49 35 26.05,,11547614,18591375+4935260,2,8.593,301,79,23,3,415,807,51,15,3,411,808,7,3,3,410,804,35,11,3,415,803,,,
19 24 37.293,+37 07 51.53,,1572201,19243729+3707515,2,8.594,345,4,2,4,464,361,56,16,4,467,359,84,24,4,470,356,32,10,4,462,355,,,
19 30 08.506,+47 49 31.14,,10601681,19300850+4749311,2,8.596,12,65,19,1,411,1096,25,9,1,415,1096,17,7,1,416,1101,57,17,1,411,1101,,,
19 21 46.764,+45 02 33.32,,8815230,19214676+4502333,2,8.597,105,41,13,1,930,624,42,13,2,590,961,43,13,3,934,621,44,13,4,594,964,,,
19 15 51.941,+50 47 59.10,,12155015,19155194+5047591,2,8.598,102,83,24,3,934,828,31,10,3,928,829,3,2,3,930,823,55,16,3,932,824,,,
19 24 11.676,+44 54 14.90,,8751503,19241167+4454149,2,8.598,168,41,13,1,674,939,42,13,2,906,705,43,13,3,678,937,44,13,4,910,708,,,
19 27 28.778,+38 48 09.65,,3748585,19272877+3848096,2,8.599,339,2,2,2,697,621,54,16,2,691,621,82,24,2,691,626,30,10,2,695,626,,,
19 06 16.046,+43 53 58.08,,8015981,19061605+4353580,2,8.601,43,37,12,1,992,59,61,18,1,993,54,45,14,1,1000,54,21,8,1,996,59,,,
19 51 15.031,+42 14 58.27,,6801425,19511503+4214582,2,8.601,27,10,4,2,53,674,14,6,2,48,674,74,22,2,48,678,70,20,2,52,680,,,
18 50 52.934,+43 38 15.83,,7871208,18505293+4338158,2,8.602,192,54,16,2,555,916,82,24,2,555,920,30,10,2,560,921,2,2,2,561,915,,,
19 42 05.388,+49 21 22.97,,11462853,19420539+4921229,2,8.602,282,69,20,1,755,731,9,4,1,756,736,13,6,1,751,736,73,22,1,750,731,,,
19 28 11.421,+37 52 16.28,,2578661,19281142+3752162,2,8.603,145,3,2,3,688,963,55,16,3,690,964,83,24,3,693,968,31,10,3,686,969,,,
19 50 41.251,+41 53 48.26,,6464293,19504125+4153482,2,8.605,199,10,4,2,290,908,14,6,2,285,908,74,22,2,285,912,70,20,2,289,914,,,
19 16 13.601,+46 29 09.02,,9703961,19161360+4629090,2,8.606,140,61,18,1,554,967,45,14,1,560,966,21,8,1,558,972,37,12,1,553,971,,,
19 27 46.917,+41 58 25.81,,6522800,19274690+4158262,2,8.607,150,21,8,1,876,595,37,12,1,872,595,61,18,1,872,590,45,14,1,879,590,,,
19 54 54.175,+47 08 43.01,,10162436,19545417+4708430,2,8.608,376,52,15,4,661,629,8,3,4,659,633,36,11,4,664,634,80,23,4,665,630,,,
18 56 01.049,+40 06 35.71,,4990246,18560104+4006357,2,8.612,298,35,11,3,327,443,79,23,3,327,446,51,15,3,323,447,7,3,3,322,443,,,
19 02 55.101,+49 35 49.81,,11548981,19025510+4935498,2,8.614,128,80,23,4,736,980,52,15,4,732,980,8,3,4,731,983,36,11,4,736,984,,,
19 19 43.450,+44 22 29.39,,8360349,19194345+4422293,2,8.614,162,44,13,4,624,947,41,13,1,913,653,42,13,2,620,944,43,13,3,917,651,,,
19 42 49.932,+42 39 00.36,,7131828,19424993+4239003,2,8.615,429,25,9,1,456,550,17,7,1,456,555,57,17,1,452,555,65,19,1,452,550,,,
19 09 34.997,+43 26 27.71,,7741830,19093499+4326277,2,8.616,243,37,12,1,792,712,61,18,1,793,707,45,14,1,799,707,21,8,1,796,712,,,
19 27 55.122,+48 16 04.50,,10861620,19275513+4816044,2,8.616,56,66,19,2,929,1053,26,9,2,932,1052,18,7,2,933,1048,58,17,2,928,1047,,,
19 33 38.167,+42 35 16.55,,7038881,19333816+4235165,2,8.617,119,22,8,2,917,502,38,12,2,912,503,62,18,2,913,507,46,14,2,918,507,,,
18 56 36.631,+47 39 23.08,,10454113,18563663+4739230,2,8.618,202,73,22,1,599,217,69,20,1,604,216,9,4,1,604,221,13,6,1,600,221,,,
19 18 59.494,+44 33 43.74,,8489712,19185949+4433437,2,8.619,368,44,13,4,619,740,41,13,1,706,649,42,13,2,615,737,43,13,3,711,646,,,
19 20 11.585,+51 45 57.35,,12646386,19201158+5145573,2,8.62,386,84,24,4,549,400,32,10,4,542,399,4,2,4,544,405,56,16,4,547,403,,,
19 41 11.459,+45 46 02.76,,9289843,19411145+4546025,2,8.621,487,48,14,4,546,551,24,8,4,546,555,40,12,4,550,554,64,18,4,551,551,,,
19 34 54.607,+43 07 50.99,,7534293,19345460+4307510,2,8.622,53,22,8,2,604,68,38,12,2,600,68,62,18,2,601,72,46,14,2,605,73,,,
19 44 19.469,+50 48 31.10,,12217469,19441946+5048311,2,8.622,458,71,20,3,484,504,11,4,3,483,499,15,6,3,489,499,75,22,3,486,504,,,
19 23 00.571,+51 02 02.94,,12306265,19230057+5102029,2,8.626,193,81,24,1,842,429,29,10,1,848,429,1,2,1,849,434,53,16,1,842,434,,,
19 59 02.551,+43 35 45.82,,7850671,19590255+4335458,2,8.626,27,29,10,1,639,42,1,2,1,640,46,53,16,1,633,46,81,24,1,633,42,,,
19 40 15.869,+39 39 25.06,,4574621,19401586+3939252,2,8.636,60,7,3,3,974,880,35,11,3,979,880,79,23,3,979,884,51,15,3,976,884,,,
19 38 11.479,+41 42 16.42,,6372935,19381147+4142164,2,8.64,141,23,8,3,169,254,39,12,3,172,255,63,18,3,173,258,47,14,3,169,258,,,
19 29 57.840,+43 11 47.18,,7529928,19295784+4311472,2,8.641,102,22,8,2,129,734,38,12,2,124,735,62,18,2,126,739,46,14,2,131,740,,,
19 36 36.130,+44 01 08.80,,8172497,19363612+4401088,2,8.642,73,26,9,2,187,87,18,7,2,189,81,58,17,2,184,81,66,19,2,184,87,,,
19 34 39.318,+50 17 41.47,,11917719,19343933+5017415,2,8.646,198,70,20,2,243,213,10,4,2,245,207,14,6,2,239,207,74,22,2,239,212,,,
19 18 02.297,+39 31 16.86,,4457200,19180229+3931168,2,8.647,303,20,7,4,329,569,60,17,4,335,570,68,19,4,337,567,28,9,4,332,566,,,
19 30 22.013,+38 55 54.59,,3854605,19302201+3855545,2,8.647,114,2,2,2,867,128,54,16,2,861,128,82,24,2,861,133,30,10,2,865,133,,,
19 45 31.908,+41 28 12.61,,6140161,19453190+4128126,2,8.654,184,9,4,1,210,365,13,6,1,206,365,73,22,1,205,361,69,20,1,210,360,,,
19 14 22.296,+41 18 26.42,,6032730,19142229+4118264,2,8.655,111,17,7,1,140,953,57,17,1,135,953,65,19,1,135,948,25,9,1,139,948,,,
19 30 29.052,+44 20 40.99,,8367661,19302905+4420410,2,8.655,60,42,13,2,87,315,43,13,3,288,118,44,13,4,91,318,41,13,1,284,121,,,
19 19 18.703,+40 36 08.39,,5442047,19191870+4036083,2,8.658,13,19,7,3,1022,928,59,17,3,1026,927,67,19,3,1029,931,27,9,3,1023,931,,,
19 17 30.801,+41 21 03.31,,6034923,19173080+4121033,2,8.661,302,18,7,2,407,806,58,17,2,402,806,66,19,2,402,811,26,9,2,405,811,,,
19 04 50.383,+40 47 12.80,,5517619,19045038+4047128,2,8.666,9,34,11,2,254,23,78,23,2,254,27,50,15,2,257,27,6,3,2,256,23,,,
19 51 15.725,+40 35 18.78,,5386414,19511572+4035187,2,8.667,253,12,4,4,784,842,16,6,4,789,842,76,22,4,787,837,72,20,4,785,836,,,
19 39 11.244,+41 40 54.91,,6294932,19391124+4140549,2,8.679,39,23,8,3,66,119,39,12,3,69,119,63,18,3,71,123,47,14,3,66,123,,,
19 39 29.487,+47 26 48.80,,10347606,19392948+4726490,0,8.68,,,,,,,,,,,,39,12,3,22,218,63,18,3,24,222,,,
19 39 43.752,+45 57 07.31,,9411927,19394375+4557073,2,8.68,298,48,14,4,663,810,24,8,4,663,814,40,12,4,667,814,64,18,4,668,810,,,
19 13 15.478,+51 07 51.53,,12351602,19131547+5107515,2,8.685,418,83,24,3,477,691,31,10,3,470,692,3,2,3,472,686,55,16,3,475,688,,,
19 28 12.720,+44 39 12.64,,8560645,19281272+4439126,2,8.686,226,42,13,2,251,746,43,13,3,720,282,44,13,4,255,749,41,13,1,715,285,,,
19 13 27.178,+40 14 32.10,,5088308,19132717+4014320,2,8.688,190,17,7,1,845,278,57,17,1,841,278,65,19,1,841,273,25,9,1,845,274,,,
19 10 49.202,+50 43 12.22,,12153021,19104920+5043122,2,8.692,178,83,24,3,582,193,31,10,3,576,194,3,2,3,577,188,55,16,3,580,190,,,
19 35 10.932,+46 39 58.64,,9835672,19351093+4639586,2,8.694,85,47,14,3,949,496,23,8,3,950,492,39,12,3,953,492,63,18,3,954,496,,,
19 43 30.173,+48 35 33.68,,11038851,19433017+4835336,2,8.695,10,69,20,1,600,25,9,4,1,600,30,13,6,1,596,30,73,22,1,595,26,,,
19 39 03.513,+49 29 55.74,,11513452,19390350+4929556,2,8.696,44,69,20,1,432,1064,9,4,1,433,1069,13,6,1,427,1069,73,22,1,427,1064,,,
19 40 27.173,+45 41 45.96,,9226926,19402717+4541459,2,8.698,356,48,14,4,679,553,24,8,4,679,557,40,12,4,683,556,64,18,4,684,553,,,
19 41 21.984,+38 47 12.41,,3661497,19412198+3847124,2,8.698,2,7,3,3,195,1106,35,11,3,200,1106,79,23,3,201,1109,51,15,3,197,1110,,,
19 24 41.829,+44 49 50.95,,8687505,19244182+4449509,2,8.7,69,41,13,1,642,1039,42,13,2,1005,673,43,13,3,646,1036,44,13,4,1009,676,,,
19 27 01.526,+41 29 09.10,,6123324,19270152+4129091,2,8.701,54,24,8,4,981,251,40,12,4,984,251,64,18,4,986,247,48,14,4,980,247,,,
19 35 39.756,+44 31 42.79,,8500622,19353974+4431426,2,8.702,9,45,14,1,293,24,21,8,1,290,29,37,12,1,285,29,61,18,1,285,25,,,
19 11 29.708,+47 48 22.47,,10590779,19112970+4748225,2,8.705,176,64,18,4,213,889,48,14,4,208,889,24,8,4,208,893,40,12,4,212,893,,,
19 48 03.557,+47 50 48.26,,10614323,19480355+4750482,2,8.707,162,50,15,2,874,544,6,3,2,874,540,34,11,2,871,540,78,23,2,870,544,,,
19 34 20.330,+45 59 24.04,,9408426,19342032+4559240,2,8.708,154,46,14,2,788,954,22,8,2,787,949,38,12,2,782,949,62,18,2,783,954,,,
19 58 05.913,+40 35 47.94,,5395418,19580591+4035479,2,8.708,221,11,4,3,246,337,15,6,3,252,336,75,22,3,249,342,71,20,3,248,342,,,
19 46 36.333,+41 44 16.91,,6381306,19463633+4144169,2,8.709,58,9,4,1,87,642,13,6,1,82,642,73,22,1,82,637,69,20,1,86,636,,,
19 52 45.778,+40 44 52.01,,5559516,19524577+4044520,2,8.711,20,11,4,3,790,1087,15,6,3,795,1086,75,22,3,793,1091,71,20,3,791,1092,,,
19 47 11.443,+44 50 53.63,,8703413,19471144+4450536,2,8.712,89,27,9,3,117,281,19,7,3,115,278,59,17,3,120,277,67,19,3,123,280,,,
19 52 39.497,+41 43 59.99,,6387786,19523949+4143599,2,8.712,423,10,4,2,577,685,14,6,2,572,684,74,22,2,572,689,70,20,2,576,690,,,
19 23 16.886,+40 42 21.67,,5530598,19231688+4042216,2,8.715,292,19,7,3,727,307,59,17,3,731,306,67,19,3,734,309,27,9,3,728,310,,,
19 19 00.548,+41 38 04.57,,6278762,19190052+4138043,2,8.717,307,18,7,2,334,452,58,17,2,329,452,66,19,2,330,457,26,9,2,332,457,,,
19 22 17.613,+37 53 08.41,,2571868,19221761+3753084,2,8.719,138,1,2,1,900,380,53,16,1,894,379,81,24,1,894,375,29,10,1,899,375,,,
19 41 39.274,+40 38 33.90,,5461344,19413927+4038339,2,8.721,211,6,3,2,534,226,34,11,2,532,226,78,23,2,532,230,50,15,2,535,230,,,
19 11 53.472,+42 06 27.90,,6679371,19115347+4206279,2,8.728,44,39,12,3,991,304,63,18,3,992,307,47,14,3,987,308,23,8,3,988,304,,,
19 35 21.998,+41 46 35.98,,6370489,19352199+4146359,2,8.729,439,23,8,3,468,632,39,12,3,471,632,63,18,3,472,636,47,14,3,468,636,,,
19 39 00.660,+46 54 06.95,,10018963,19390065+4654069,2,8.73,303,47,14,3,330,612,23,8,3,330,608,39,12,3,334,609,63,18,3,335,612,,,
19 45 08.954,+39 56 02.15,,4853412,19450895+3956021,2,8.73,4,7,3,3,772,18,35,11,3,776,17,79,23,3,777,21,51,15,3,773,22,,,
20 02 13.380,+44 26 46.90,,8459899,20021338+4426469,2,8.73,319,32,10,4,718,502,4,2,4,720,507,56,16,4,723,506,84,24,4,725,503,,,
18 54 34.460,+43 15 53.86,,7587374,18543446+4315537,2,8.732,261,54,16,2,287,275,82,24,2,287,280,30,10,2,291,280,2,2,2,293,275,,,
18 55 54.245,+42 12 37.94,,6756386,18555424+4212379,2,8.734,246,33,11,1,695,260,77,23,1,694,257,49,15,1,697,257,5,3,1,697,261,,,
19 14 50.597,+47 56 25.84,,10658122,19145059+4756258,2,8.735,375,64,18,4,402,402,48,14,4,397,402,24,8,4,397,406,40,12,4,401,406,,,
19 49 11.140,+49 54 01.25,,11775000,19491113+4954013,2,8.735,234,72,20,4,260,662,12,4,4,259,667,16,6,4,265,667,76,22,4,262,661,,,
19 03 18.953,+48 08 07.66,,10784005,19031895+4808076,2,8.736,303,78,23,2,330,503,50,15,2,334,502,6,3,2,333,498,34,11,2,331,499,,,
19 46 37.737,+51 01 13.55,,12317678,19463773+5101135,2,8.739,79,71,20,3,104,494,11,4,3,102,489,15,6,3,108,489,75,22,3,105,495,,,
18 52 48.497,+42 39 48.20,,7095218,18524849+4239482,2,8.74,12,54,16,2,853,27,82,24,2,853,31,30,10,2,857,31,2,2,2,858,26,,,
19 02 54.103,+38 29 00.53,,3324261,19025410+3829005,2,8.743,0,16,6,4,407,1108,76,22,4,404,1103,72,20,4,403,1103,12,4,4,402,1108,,,
19 32 41.611,+46 06 30.20,,9529652,19324161+4606302,2,8.745,379,46,14,2,622,729,22,8,2,621,724,38,12,2,616,724,62,18,2,617,729,,,
19 21 35.575,+40 06 08.39,,5006618,19213557+4006083,2,8.748,259,19,7,3,427,848,59,17,3,432,848,67,19,3,435,851,27,9,3,429,852,,,
19 34 39.115,+41 52 26.85,,6448574,19343910+4152269,2,8.751,417,23,8,3,605,690,39,12,3,609,690,63,18,3,610,694,47,14,3,605,694,,,
19 17 58.128,+44 11 39.55,,8226744,19175812+4411395,2,8.753,183,44,13,4,297,925,41,13,1,891,326,42,13,2,292,922,43,13,3,895,324,,,
19 49 53.386,+41 42 58.75,,6384975,19495338+4142587,2,8.753,4,10,4,2,370,1104,14,6,2,365,1104,74,22,2,365,1108,70,20,2,369,1109,,,
19 50 41.885,+49 48 35.71,,11725914,19504188+4948357,2,8.756,78,72,20,4,103,486,12,4,4,102,491,16,6,4,108,491,76,22,4,106,486,,,
19 25 26.676,+38 34 35.62,,3443331,19252667+3834356,2,8.757,74,2,2,2,677,1034,54,16,2,671,1035,82,24,2,671,1039,30,10,2,676,1039,,,
19 18 36.089,+41 36 43.34,,6278403,19183609+4136433,2,8.758,286,18,7,2,313,521,58,17,2,308,521,66,19,2,308,526,26,9,2,311,526,,,
19 39 48.211,+38 53 47.90,,3760826,19394821+3853479,2,8.758,181,8,3,4,419,928,36,11,4,424,929,80,23,4,424,925,52,15,4,421,924,,,
19 02 52.422,+44 58 51.10,,8740378,19025242+4458510,2,8.759,176,58,17,2,860,693,66,19,2,860,698,26,9,2,863,697,18,7,2,865,693,,,
19 40 03.907,+40 52 02.24,,5631061,19400390+4052022,2,8.76,195,6,3,2,222,360,34,11,2,220,361,78,23,2,219,364,50,15,2,223,364,,,
19 10 21.583,+40 42 44.95,,5520853,19102157+4042449,2,8.762,68,17,7,1,191,83,57,17,1,187,83,65,19,1,188,78,25,9,1,192,78,,,
19 02 18.650,+48 49 43.36,,11179629,19021864+4849433,2,8.763,113,78,23,2,924,756,50,15,2,928,756,6,3,2,927,752,34,11,2,924,753,,,
19 06 23.541,+44 55 37.45,,8741924,19062353+4455374,2,8.764,307,58,17,2,433,321,66,19,2,434,326,26,9,2,436,326,18,7,2,439,321,,,
19 10 10.514,+40 39 01.76,,5435597,19101051+4039017,2,8.764,10,17,7,1,219,25,57,17,1,215,25,65,19,1,215,20,25,9,1,220,20,,,
19 34 39.098,+39 16 08.72,,4166395,19343909+3916087,2,8.764,43,5,3,1,993,321,33,11,1,991,320,77,23,1,989,316,49,15,1,992,317,,,
19 36 37.224,+39 43 21.40,,4663468,19363722+3943213,2,8.765,222,5,3,1,816,826,33,11,1,814,826,77,23,1,813,822,49,15,1,816,822,,,
19 22 36.336,+42 26 10.57,,6945099,19223633+4226105,2,8.766,29,21,8,1,56,88,37,12,1,51,88,61,18,1,52,84,45,14,1,59,83,,,
19 41 08.368,+42 54 59.36,,7374855,19410837+4254593,2,8.766,210,25,9,1,331,899,17,7,1,332,904,57,17,1,327,904,65,19,1,327,899,,,
19 44 52.573,+41 06 01.02,,5892161,19445255+4106009,2,8.767,90,9,4,1,449,105,13,6,1,445,105,73,22,1,443,100,69,20,1,448,99,,,
20 00 58.961,+45 10 40.66,,8912902,20005895+4510406,2,8.767,69,31,10,3,606,1039,3,2,3,607,1033,55,16,3,610,1035,83,24,3,613,1038,,,
18 59 08.683,+48 25 23.63,,10963065,18590868+4825236,2,8.769,120,78,23,2,916,157,50,15,2,920,157,6,3,2,919,152,34,11,2,916,153,,,
19 19 04.940,+39 34 43.02,,4458172,19190492+3934429,2,8.77,245,20,7,4,272,750,60,17,4,277,750,68,19,4,279,747,28,9,4,274,746,,,
19 36 47.887,+39 09 20.27,,4067548,19364788+3909202,2,8.77,147,8,3,4,888,591,36,11,4,893,591,80,23,4,894,588,52,15,4,890,587,,,
19 18 17.237,+44 05 29.29,,8159314,19181723+4405293,2,8.771,77,44,13,4,288,1031,41,13,1,997,317,42,13,2,284,1028,43,13,3,1001,315,,,
19 20 09.142,+37 52 37.02,,2568613,19200914+3752370,2,8.771,40,1,2,1,697,55,53,16,1,691,54,81,24,1,691,50,29,10,1,697,50,,,
19 48 15.454,+43 07 36.77,,7548061,19481545+4307367,2,8.771,326,28,9,4,711,491,20,7,4,709,495,60,17,4,715,496,68,19,4,717,492,,,
19 35 27.600,+43 01 21.61,,7451886,19352760+4301216,2,8.772,26,22,8,2,735,40,38,12,2,730,40,62,18,2,732,45,46,14,2,736,45,,,
19 51 21.535,+43 34 57.47,,7842386,19512153+4334574,2,8.773,30,28,9,4,66,613,20,7,4,64,616,60,17,4,70,617,68,19,4,72,614,,,
19 52 49.296,+47 35 09.53,,10423301,19524929+4735095,2,8.774,15,51,15,3,761,1093,7,3,3,759,1089,35,11,3,764,1089,79,23,3,765,1092,,,
19 47 30.984,+44 36 26.74,,8574456,19473098+4436268,2,8.775,146,27,9,3,176,497,19,7,3,174,494,59,17,3,179,494,67,19,3,181,497,,,
19 18 56.541,+49 51 35.23,,11709006,19185652+4951351,2,8.777,248,82,24,2,276,721,30,10,2,280,721,2,2,2,282,716,54,16,2,275,716,,,
19 08 09.381,+42 06 46.19,,6676993,19080937+4206461,2,8.78,439,39,12,3,481,669,63,18,3,482,672,47,14,3,477,672,23,8,3,478,668,,,
19 46 17.131,+41 20 02.21,,6059748,19461713+4120021,2,8.783,355,9,4,1,380,417,13,6,1,376,418,73,22,1,375,413,69,20,1,380,412,,,
18 59 11.597,+47 14 38.30,,10192853,18591159+4714383,2,8.784,36,73,22,1,62,130,69,20,1,67,129,9,4,1,67,134,13,6,1,63,134,,,
19 28 44.537,+47 49 35.22,,10600807,19284453+4749352,2,8.787,162,66,19,2,524,947,26,9,2,527,947,18,7,2,529,942,58,17,2,523,941,,,
19 30 39.746,+41 27 26.42,,6126225,19303974+4127264,2,8.787,347,24,8,4,633,761,40,12,4,636,761,64,18,4,638,757,48,14,4,633,757,,,
19 12 53.844,+42 32 56.44,,7022603,19125384+4232564,2,8.789,231,38,12,2,805,535,62,18,2,807,540,46,14,2,811,540,22,8,2,810,535,, Red_giant,
19 46 23.700,+43 45 43.31,,7974679,19462369+4345433,2,8.789,28,27,9,3,704,1080,19,7,3,702,1077,59,17,3,707,1076,67,19,3,709,1080,,,
18 41 29.616,+43 28 16.36,,7729396,18412961+4328163,2,8.79,296,56,16,4,320,447,84,24,4,323,444,32,10,4,315,443,4,2,4,317,449,,,
18 46 23.894,+43 13 46.31,,7583437,18462389+4313463,2,8.79,16,55,16,3,802,1092,83,24,3,804,1095,31,10,3,797,1096,3,2,3,799,1090,,,
19 00 03.362,+45 36 27.54,,9204718,19000336+4536275,2,8.79,157,57,17,1,880,808,65,19,1,880,802,25,9,1,884,803,17,7,1,884,807,,,
20 04 31.891,+44 59 03.77,,8783760,20043188+4459037,2,8.793,148,32,10,4,172,779,4,2,4,173,784,56,16,4,177,783,84,24,4,179,779,,,
19 32 43.932,+41 09 33.55,,5880651,19324393+4109335,2,8.795,188,24,8,4,219,920,40,12,4,223,920,64,18,4,224,916,48,14,4,219,916,,,
19 32 23.244,+41 08 09.17,,5880360,19322324+4108091,2,8.796,206,24,8,4,232,859,40,12,4,235,859,64,18,4,236,855,48,14,4,232,855,,,
19 19 17.071,+43 47 28.03,,7954259,19191707+4347280,2,8.799,232,43,13,3,272,876,44,13,4,849,301,41,13,1,268,879,42,13,2,845,299,,,
18 44 47.755,+44 11 51.94,,8211008,18444775+4411519,2,8.801,32,53,16,1,1006,289,81,24,1,1006,284,29,10,1,1012,285,1,2,1,1012,289,,,
18 58 13.088,+47 30 16.32,,10389724,18581308+4730163,2,8.801,91,73,22,1,340,106,69,20,1,346,105,9,4,1,346,110,13,6,1,341,110,,,
19 07 47.518,+46 54 46.55,,10001154,19074751+4654465,2,8.801,388,63,18,3,544,403,47,14,3,539,404,23,8,3,540,400,39,12,3,543,400,,,
19 17 41.399,+40 15 56.70,,5091433,19174141+4015568,2,8.806,112,20,7,4,923,894,60,17,4,928,895,68,19,4,930,891,28,9,4,925,891,,,
19 28 01.500,+39 41 01.27,,4562786,19280148+3941012,2,8.806,47,2,2,2,72,115,54,16,2,66,115,82,24,2,67,120,30,10,2,70,121,,,
19 47 00.982,+48 55 55.24,,11255615,19470098+4855552,2,8.806,26,72,20,4,956,41,12,4,4,955,46,16,6,4,961,46,76,22,4,959,41,,,
18 56 21.837,+47 41 48.41,,10453983,18562183+4741483,2,8.807,210,73,22,1,651,224,69,20,1,656,224,9,4,1,656,229,13,6,1,652,229,,,
19 22 38.666,+37 20 14.68,,1864959,19223866+3720146,2,8.807,147,4,2,4,814,162,56,16,4,817,161,84,24,4,820,158,32,10,4,812,157,,,
19 18 46.551,+43 54 56.84,,8091423,19184655+4354568,2,8.808,92,43,13,3,266,1016,44,13,4,989,295,41,13,1,261,1018,42,13,2,985,292,,,
19 31 37.992,+48 26 33.07,,10977859,19313799+4826330,2,8.808,263,65,19,1,770,612,25,9,1,774,613,17,7,1,774,617,57,17,1,769,618,,,
19 42 46.183,+50 40 32.84,,12118871,19424618+5040328,2,8.81,301,71,20,3,737,501,11,4,3,736,496,15,6,3,742,495,75,22,3,739,501,,,
19 31 57.859,+48 58 46.20,,11246393,19315785+4858462,2,8.812,30,68,19,4,1006,318,28,9,4,1000,318,20,7,4,998,321,60,17,4,1004,322,,,
19 19 50.172,+51 20 07.84,,12457780,19195017+5120078,2,8.816,192,84,24,4,847,657,32,10,4,839,655,4,2,4,841,661,56,16,4,845,660,,,
19 47 43.330,+47 33 10.78,,10418678,19474331+4733105,2,8.816,335,50,15,2,702,753,6,3,2,702,749,34,11,2,699,750,78,23,2,698,753,,,
19 16 26.981,+51 24 34.14,,12506478,19162698+5124341,2,8.818,91,84,24,4,525,1017,32,10,4,518,1016,4,2,4,520,1022,56,16,4,523,1020,,,
19 33 44.993,+50 10 52.43,,11866976,19334499+5010524,2,8.82,51,70,20,2,78,234,10,4,2,79,228,14,6,2,73,228,74,22,2,74,233,,,
19 32 57.751,+38 06 46.19,,2998002,19325775+3806462,2,8.821,109,3,2,3,426,124,55,16,3,428,125,83,24,3,431,129,31,10,3,425,129,,,
19 04 43.373,+38 53 53.52,,3730953,19044337+3853535,2,8.823,114,16,6,4,888,995,76,22,4,885,990,72,20,4,884,989,12,4,4,883,994,,,
19 45 13.087,+42 33 16.09,,7050270,19451308+4233161,2,8.825,267,25,9,1,761,281,17,7,1,760,285,57,17,1,756,285,65,19,1,756,280,,,
19 03 19.214,+48 30 35.78,,11018874,19031921+4830357,2,8.827,404,78,23,2,602,705,50,15,2,606,705,6,3,2,605,701,34,11,2,603,701,,,
19 39 02.681,+40 21 33.70,,5197709,19390268+4021337,2,8.828,365,6,3,2,532,743,34,11,2,530,744,78,23,2,529,747,50,15,2,532,747,,,
19 40 15.434,+39 40 58.45,,4574610,19401543+3940585,2,8.831,42,7,3,3,995,870,35,11,3,1000,869,79,23,3,1000,873,51,15,3,997,873,,,
19 51 12.190,+46 18 12.17,,9665729,19511219+4618121,2,8.831,204,49,15,1,641,219,5,3,1,642,223,33,11,1,639,222,77,23,1,638,219,,,
19 45 30.337,+50 46 21.81,,12169236,19453031+5046212,2,8.832,327,71,20,3,352,614,11,4,3,350,609,15,6,3,356,609,75,22,3,354,614,,,
19 50 23.914,+43 22 51.96,,7702122,19502391+4322519,2,8.834,265,28,9,4,292,526,20,7,4,290,529,60,17,4,295,530,68,19,4,297,527,,,
19 55 56.460,+41 17 58.09,,5989072,19555646+4117580,2,8.834,57,11,4,3,981,374,15,6,3,986,374,75,22,3,983,379,71,20,3,982,380,,,
19 06 56.224,+41 37 19.68,,6271151,19065623+4137196,2,8.839,28,39,12,3,55,427,63,18,3,56,430,47,14,3,52,431,23,8,3,52,426,,,
19 32 35.150,+46 02 57.41,,9468112,19323515+4602574,2,8.842,342,46,14,2,580,766,22,8,2,578,761,38,12,2,574,761,62,18,2,575,766,,,
19 50 20.966,+41 37 44.26,,6306896,19502096+4137442,2,8.844,35,10,4,2,477,1073,14,6,2,472,1073,74,22,2,472,1078,70,20,2,476,1079,,,
18 51 27.773,+48 33 26.17,,11014468,18512777+4833261,2,8.845,310,76,22,4,440,324,72,20,4,437,325,12,4,4,437,329,16,6,4,443,330,,,
19 23 01.942,+47 42 52.51,,10532461,19230194+4742526,2,8.845,133,66,19,2,904,159,26,9,2,906,159,18,7,2,909,155,58,17,2,903,154,,,
19 32 14.607,+45 18 38.48,,9025370,19321460+4518384,2,8.846,159,45,14,1,187,913,21,8,1,185,919,37,12,1,180,918,61,18,1,181,914,,,
19 57 58.831,+46 10 28.99,,9549070,19575883+4610289,2,8.846,5,31,10,3,628,20,3,2,3,630,14,55,16,3,632,16,83,24,3,635,19,,,
19 03 07.351,+49 40 28.70,,11600442,19030735+4940287,2,8.848,194,80,23,4,697,914,52,15,4,693,914,8,3,4,692,918,36,11,4,697,918,,,
19 08 38.256,+43 55 00.98,,8085998,19083825+4355009,2,8.848,256,37,12,1,669,271,61,18,1,669,266,45,14,1,676,266,21,8,1,673,271,,,
19 18 17.033,+41 06 57.78,,5869398,19181703+4106577,2,8.849,293,18,7,2,656,815,58,17,2,651,815,66,19,2,652,820,26,9,2,655,820,,,
19 17 24.917,+46 35 35.23,,9764965,19172491+4635352,2,8.851,348,61,18,1,531,760,45,14,1,537,759,21,8,1,534,764,37,12,1,530,764,,,
19 34 37.102,+39 13 56.53,,4166365,19343710+3913565,2,8.852,18,5,3,1,1018,299,33,11,1,1016,298,77,23,1,1014,294,49,15,1,1018,295,,,
19 55 10.042,+41 17 10.10,,5988140,19551004+4117101,2,8.852,7,11,4,3,1031,497,15,6,3,1036,496,75,22,3,1033,502,71,20,3,1032,502,,,
19 22 11.359,+39 49 32.27,,4742716,19221136+3949322,2,8.854,136,19,7,3,161,899,59,17,3,166,898,67,19,3,168,901,27,9,3,163,902,,,
19 30 44.379,+47 24 23.35,,10341704,19304438+4724232,2,8.854,13,66,19,2,40,1006,26,9,2,44,1006,18,7,2,45,1001,58,17,2,40,1001,,,
19 06 55.954,+42 40 19.27,,7103006,19065595+4240192,2,8.856,84,40,12,4,609,1024,64,18,4,610,1020,48,14,4,606,1020,24,8,4,606,1024,,,
19 02 26.971,+39 03 05.98,,3936801,19022697+3903059,2,8.857,389,16,6,4,647,647,76,22,4,645,642,72,20,4,643,642,12,4,4,642,646,,,
19 37 51.732,+43 37 31.58,,7898839,19375171+4337320,2,8.858,155,26,9,2,184,499,18,7,2,186,493,58,17,2,181,493,66,19,2,181,498,,,
19 24 48.470,+45 20 48.95,,9020199,19244847+4520489,2,8.861,349,41,13,1,375,655,42,13,2,621,406,43,13,3,379,652,44,13,4,625,409,,,
19 14 30.377,+40 27 16.70,,5264818,19143037+4027167,2,8.863,245,17,7,1,790,536,57,17,1,785,537,65,19,1,786,532,25,9,1,789,532,,,
19 34 51.593,+39 44 52.26,,4661768,19345159+3944522,2,8.863,396,5,3,1,640,575,33,11,1,638,574,77,23,1,636,571,49,15,1,640,571,,,
19 52 26.885,+44 41 17.74,,8579358,19522687+4441178,2,8.865,111,30,10,2,137,813,2,2,2,139,808,54,16,2,132,808,82,24,2,132,812,,,
19 02 00.730,+45 51 19.19,,9329655,19020073+4551192,2,8.866,295,57,17,1,498,813,65,19,1,499,808,25,9,1,502,808,17,7,1,503,813,,,
19 38 41.186,+38 15 59.51,,3131012,19384118+3815594,2,8.866,1,8,3,4,26,470,36,11,4,30,471,80,23,4,31,467,52,15,4,27,467,,,
18 52 06.408,+45 13 39.40,,8933391,18520640+4513394,2,8.868,48,60,17,4,73,307,68,19,4,75,303,28,9,4,70,303,20,7,4,68,306,,,
19 07 12.180,+44 50 30.23,,8677933,19071217+4450302,2,8.868,168,58,17,2,373,182,66,19,2,374,187,26,9,2,376,187,18,7,2,379,182,,,
19 51 40.585,+45 32 06.48,,9172316,19514060+4532064,2,8.869,63,30,10,2,385,77,2,2,2,387,72,54,16,2,381,72,82,24,2,381,77,,,
18 54 04.392,+46 58 19.17,,9995317,18540439+4658191,2,8.87,203,73,22,1,350,905,69,20,1,355,904,9,4,1,355,909,13,6,1,350,909,,,
19 09 02.650,+48 54 34.92,,11235672,19090264+4854349,2,8.873,365,77,23,1,392,614,49,15,1,396,614,5,3,1,396,618,33,11,1,394,618,,,
19 47 41.908,+46 43 41.10,,9904409,19474191+4643411,2,8.874,292,49,15,1,342,816,5,3,1,342,820,33,11,1,340,819,77,23,1,338,816,,,
19 45 52.121,+44 55 07.10,,8766405,19455212+4455071,2,8.875,108,27,9,3,272,123,19,7,3,270,119,59,17,3,275,119,67,19,3,278,122,,,
19 46 21.389,+50 57 45.86,,12268448,19462138+5057458,2,8.875,139,71,20,3,163,521,11,4,3,161,516,15,6,3,167,516,75,22,3,164,522,,,
19 47 55.334,+41 38 54.64,,6304081,19475533+4138546,2,8.877,233,9,4,1,265,798,13,6,1,260,798,73,22,1,260,793,69,20,1,264,792,,,
19 06 12.781,+46 45 27.94,,9880285,19061279+4645279,2,8.878,108,63,18,3,515,123,47,14,3,510,123,23,8,3,511,119,39,12,3,514,119,,,
19 35 50.582,+44 52 49.87,,8694723,19355058+4452498,2,8.878,269,45,14,1,480,284,21,8,1,478,289,37,12,1,473,289,61,18,1,473,284,,,
18 58 45.809,+43 46 18.27,,7943807,18584579+4346182,2,8.88,88,59,17,3,114,216,67,19,3,117,220,27,9,3,111,220,19,7,3,110,217,,,
19 20 47.479,+43 34 56.06,,7817520,19204747+4334560,2,8.88,347,43,13,3,373,582,44,13,4,555,403,41,13,1,369,585,42,13,2,551,400,,,
19 28 38.365,+41 11 53.61,,5877364,19283836+4111537,2,8.88,330,24,8,4,614,345,40,12,4,618,345,64,18,4,619,341,48,14,4,614,341,,,
19 30 45.758,+49 24 46.40,,11508928,19304575+4924463,2,8.882,251,68,19,4,578,266,28,9,4,573,265,20,7,4,571,268,60,17,4,576,269,,,
19 42 53.311,+43 41 10.90,,7902889,19425332+4341110,2,8.882,111,26,9,2,925,860,18,7,2,927,856,58,17,2,921,856,66,19,2,922,861,,,
19 28 19.845,+37 03 35.32,,1435467,19281984+3703353,2,8.883,27,4,2,4,52,892,56,16,4,54,890,84,24,4,57,887,32,10,4,50,886,,,
19 35 07.831,+40 01 28.88,,4930889,19350783+4001288,2,8.883,365,5,3,1,449,744,33,11,1,447,743,77,23,1,445,739,49,15,1,449,740,,,
19 42 13.085,+40 47 56.29,,5547114,19421308+4047563,2,8.883,57,6,3,2,460,71,34,11,2,458,72,78,23,2,457,76,50,15,2,460,75,,,
18 40 46.915,+43 25 00.41,,7729156,18404691+4325004,2,8.885,175,56,16,4,199,409,84,24,4,201,406,32,10,4,194,405,4,2,4,196,411,,,
19 16 46.239,+48 01 09.95,,10724634,19164624+4801099,2,8.885,106,64,18,4,507,120,48,14,4,502,120,24,8,4,502,124,40,12,4,506,124,,,
19 52 49.771,+48 36 26.35,,11099165,19524977+4836263,2,8.885,259,51,15,3,332,274,7,3,3,330,270,35,11,3,335,270,79,23,3,336,273,,,
19 43 41.136,+43 01 23.59,,7459906,19434113+4301235,2,8.886,292,25,9,1,745,775,17,7,1,746,780,57,17,1,741,780,65,19,1,742,775,,,
19 33 06.679,+41 28 16.61,,6128236,19330667+4128166,2,8.888,7,23,8,3,427,1101,39,12,3,431,1102,63,18,3,432,1105,47,14,3,427,1105,,,
19 40 21.245,+48 34 54.26,,11036860,19402124+4834542,2,8.889,158,69,20,1,185,248,9,4,1,185,254,13,6,1,180,253,73,22,1,179,249,,,
19 32 42.684,+39 35 52.44,,4470057,19324268+3935524,2,8.89,169,5,3,1,563,184,33,11,1,561,183,77,23,1,559,180,49,15,1,562,180,,,
19 20 19.436,+41 39 39.89,,6279848,19201941+4139398,2,8.892,239,18,7,2,437,254,58,17,2,432,254,66,19,2,432,259,26,9,2,435,258,,,
19 42 45.732,+45 39 58.03,,9228523,19424573+4539580,2,8.892,334,48,14,4,375,349,24,8,4,375,353,40,12,4,379,352,64,18,4,380,349,,,
18 57 06.317,+40 51 34.24,,5599624,18570631+4051342,2,8.897,148,35,11,3,888,868,79,23,3,888,872,51,15,3,884,872,7,3,3,883,868,,,
19 55 29.186,+41 34 59.81,,6232600,19552918+4134598,2,8.897,118,10,4,2,920,325,14,6,2,914,324,74,22,2,915,329,70,20,2,918,330,,,
19 19 44.933,+44 22 05.12,,8360359,19194493+4422051,2,8.899,154,44,13,4,624,954,41,13,1,920,653,42,13,2,620,951,43,13,3,924,651,,,
19 35 38.551,+46 42 25.81,,9895798,19353855+4642258,2,8.9,168,47,14,3,869,501,23,8,3,869,497,39,12,3,873,497,63,18,3,874,500,,,
19 10 07.484,+44 08 18.50,,8222685,19100749+4408186,2,8.902,232,37,12,1,355,247,61,18,1,356,243,45,14,1,363,242,21,8,1,360,247,,,
18 55 15.406,+40 07 38.35,,4989752,18551540+4007383,2,8.904,207,35,11,3,232,536,79,23,3,232,539,51,15,3,229,540,7,3,3,227,536,,,
19 52 44.597,+41 13 26.98,,5985314,19524459+4113268,2,8.904,47,10,4,2,991,888,14,6,2,986,887,74,22,2,986,892,70,20,2,990,893,,,
19 30 53.163,+38 56 28.09,,3855090,19305316+3856280,2,8.905,32,2,2,2,908,45,54,16,2,902,46,82,24,2,902,50,30,10,2,906,50,,,
19 57 40.687,+40 52 48.67,,5651608,19574069+4052487,2,8.905,270,11,4,3,508,285,15,6,3,513,284,75,22,3,510,290,71,20,3,510,290,,,
19 30 42.270,+45 36 40.86,,9220323,19304227+4536409,2,8.908,95,46,14,2,120,950,22,8,2,119,945,38,12,2,114,945,62,18,2,115,949,,,
19 01 24.336,+40 36 05.58,,5430514,19012433+4036055,2,8.913,208,34,11,2,828,238,78,23,2,828,242,50,15,2,831,241,6,3,2,830,237,,,
19 23 46.274,+45 05 22.78,,8816525,19234627+4505227,2,8.913,347,41,13,1,640,761,42,13,2,728,671,43,13,3,644,759,44,13,4,732,674,,,
19 50 16.968,+40 22 46.42,,5210791,19501697+4022463,2,8.914,341,12,4,4,697,604,16,6,4,702,604,76,22,4,700,599,72,20,4,698,599,,,
19 15 25.528,+47 52 05.41,,10592818,19152552+4752055,2,8.915,352,64,18,4,506,366,48,14,4,501,366,24,8,4,501,370,40,12,4,505,369,,,
19 17 04.659,+47 51 40.12,,10593779,19170467+4751400,2,8.915,147,64,18,4,652,162,48,14,4,647,162,24,8,4,647,166,40,12,4,651,165,,,
19 22 48.180,+48 26 47.08,,10973387,19224817+4826470,2,8.921,349,67,19,3,687,490,27,9,3,681,491,19,7,3,679,487,59,17,3,684,487,,,
19 16 47.350,+50 47 24.56,,12155405,19164734+5047246,2,8.924,21,83,24,3,1016,932,31,10,3,1009,933,3,2,3,1011,927,55,16,3,1014,928,,,
19 17 41.839,+41 19 42.38,,6035071,19174183+4119424,2,8.924,317,18,7,2,441,791,58,17,2,436,791,66,19,2,437,796,26,9,2,439,796,,,
19 52 41.602,+44 36 16.85,,8579578,19524160+4436168,2,8.925,112,30,10,2,137,899,2,2,2,138,893,54,16,2,132,893,82,24,2,132,898,,,
19 47 55.990,+47 49 44.69,,10614190,19475598+4749446,2,8.927,188,50,15,2,849,549,6,3,2,849,544,34,11,2,847,545,78,23,2,846,549,,,
19 54 50.249,+47 45 10.12,,10555142,19545024+4745101,2,8.927,8,51,15,3,418,1100,7,3,3,417,1096,35,11,3,422,1096,79,23,3,423,1100,,,
19 36 49.378,+50 11 59.71,,11868592,19364937+5011597,2,8.928,388,70,20,2,469,447,10,4,2,471,442,14,6,2,465,441,74,22,2,465,446,,,
19 10 04.857,+45 54 42.94,,9395233,19100486+4554428,2,8.93,153,62,18,2,675,169,46,14,2,679,169,22,8,2,678,164,38,12,2,674,165,,,
19 34 05.777,+46 35 43.55,,9774549,19340577+4635435,2,8.931,0,46,14,2,1037,465,22,8,2,1036,460,38,12,2,1031,460,62,18,2,1033,465,,,
19 36 42.998,+38 37 57.40,,3555545,19364299+3837573,2,8.933,323,8,3,4,488,338,36,11,4,493,338,80,23,4,493,334,52,15,4,490,334,,,
19 37 52.349,+49 41 39.26,,11615944,19375234+4941392,2,8.934,189,70,20,2,370,919,10,4,2,371,914,14,6,2,366,914,74,22,2,366,918,,,
19 52 47.767,+41 13 10.88,,5985371,19524776+4113108,2,8.934,40,10,4,2,999,882,14,6,2,994,881,74,22,2,994,886,70,20,2,998,887,,,
19 30 43.358,+46 30 03.64,,9772586,19304336+4630036,2,8.935,251,46,14,2,544,266,22,8,2,543,260,38,12,2,538,260,62,18,2,540,265,,,
19 16 57.265,+48 08 02.36,,10790875,19165726+4808022,2,8.936,25,64,18,4,437,39,48,14,4,431,39,24,8,4,432,43,40,12,4,436,43,,,
19 18 26.048,+52 00 08.32,,12783745,19182605+5200083,2,8.936,210,84,24,4,235,486,32,10,4,228,485,4,2,4,230,491,56,16,4,233,490,,,
19 51 42.703,+40 03 17.57,,4949194,19514270+4003175,2,8.942,297,12,4,4,321,682,16,6,4,326,683,76,22,4,324,677,72,20,4,322,678,,,
19 26 52.421,+37 38 57.62,,2304235,19265242+3738576,2,8.944,154,4,2,4,643,954,56,16,4,646,952,84,24,4,648,949,32,10,4,641,948,,,
19 19 01.754,+43 59 26.84,,8091579,19190175+4359268,2,8.947,58,43,13,3,338,1049,44,13,4,1022,367,41,13,1,333,1052,42,13,2,1018,364,,,
19 57 46.800,+45 30 02.52,,9177823,19574679+4530025,2,8.949,106,31,10,3,931,551,3,2,3,933,545,55,16,3,935,546,83,24,3,938,550,,,
19 35 37.668,+40 26 49.85,,5282322,19353767+4026498,2,8.951,95,5,3,1,165,1013,33,11,1,162,1013,77,23,1,161,1009,49,15,1,165,1010,,,
19 38 12.156,+46 43 09.88,,9897634,19381215+4643098,2,8.951,416,47,14,3,521,692,23,8,3,521,688,39,12,3,525,689,63,18,3,526,692,,,
18 56 41.931,+45 32 27.85,,9139330,18564193+4532278,2,8.952,214,60,17,4,823,533,68,19,4,825,529,28,9,4,820,529,20,7,4,818,532,,,
19 23 37.025,+38 59 36.38,,3848385,19233702+3859363,2,8.958,6,2,2,2,186,1102,54,16,2,180,1102,82,24,2,180,1106,30,10,2,184,1107,,,
19 32 39.125,+43 26 11.22,,7756853,19323912+4326112,2,8.958,150,22,8,2,175,243,38,12,2,170,244,62,18,2,172,248,46,14,2,176,249,,,
19 41 47.268,+41 00 53.39,,5803563,19414726+4100533,2,8.958,23,6,3,2,253,38,34,11,2,251,39,78,23,2,251,42,50,15,2,254,42,,,
19 16 36.506,+49 42 47.12,,11657118,19163650+4942471,2,8.959,330,82,24,2,356,364,30,10,2,360,364,2,2,2,362,359,54,16,2,355,359,,,
19 26 09.367,+45 04 18.52,,8818111,19260936+4504185,2,8.959,127,41,13,1,328,980,42,13,2,947,359,43,13,3,332,978,44,13,4,951,362,,,
19 16 31.483,+39 01 24.74,,3946190,19163148+3901247,2,8.961,78,20,7,4,103,98,60,17,4,108,98,68,19,4,110,95,28,9,4,105,94,,,
19 53 59.006,+47 08 06.07,,10161543,19535900+4708060,2,8.961,246,52,15,4,791,686,8,3,4,789,690,36,11,4,794,690,80,23,4,795,686,,,
19 37 50.784,+39 58 26.36,,4845272,19375078+3958263,2,8.962,10,6,3,2,728,1098,34,11,2,726,1099,78,23,2,725,1102,50,15,2,728,1102,,,
19 52 21.550,+46 47 54.56,,9908400,19522155+4647545,2,8.962,28,49,15,1,1009,532,5,3,1,1010,536,33,11,1,1007,535,77,23,1,1006,532,,,
19 27 48.262,+44 11 36.33,,8233742,19274827+4411364,2,8.964,414,42,13,2,528,429,43,13,3,402,559,44,13,4,532,431,41,13,1,398,562,,,
19 05 09.118,+39 24 23.90,,4348593,19050911+3924239,2,8.967,92,13,6,1,945,667,73,22,1,945,662,69,20,1,949,661,9,4,1,949,666,,,
19 28 16.932,+41 01 08.80,,5791709,19281693+4101088,2,8.967,193,24,8,4,509,208,40,12,4,513,207,64,18,4,514,204,48,14,4,509,204,,,
19 10 30.948,+47 09 53.14,,10131030,19103094+4709531,2,8.969,231,63,18,3,602,878,47,14,3,597,878,23,8,3,597,874,39,12,3,601,874,,,
19 07 43.594,+41 56 15.94,,6508366,19074359+4156159,2,8.972,303,39,12,3,330,582,63,18,3,331,585,47,14,3,326,585,23,8,3,327,581,,,
19 29 46.195,+47 24 09.40,,10341072,19294619+4724093,2,8.972,89,66,19,2,115,878,26,9,2,118,878,18,7,2,120,872,58,17,2,115,872,,,
19 40 27.998,+40 20 39.66,,5199134,19402800+4020396,2,8.974,372,6,3,2,667,537,34,11,2,665,538,78,23,2,664,542,50,15,2,667,542,,,
19 35 57.473,+45 38 05.60,,9223757,19355747+4538056,2,8.978,193,45,14,1,844,862,21,8,1,841,867,37,12,1,837,867,61,18,1,838,862,,,
18 47 22.327,+43 46 22.80,,7938294,18472232+4346228,2,8.979,114,53,16,1,925,852,81,24,1,926,847,29,10,1,931,848,1,2,1,931,853,,,
19 13 42.929,+41 22 11.86,,6032305,19134292+4122118,2,8.979,4,17,7,1,30,894,57,17,1,25,893,65,19,1,26,888,25,9,1,29,888,,,
19 00 18.478,+40 11 58.83,,4992587,19001848+4011587,2,8.98,45,35,11,3,967,59,79,23,3,967,63,51,15,3,964,63,7,3,3,962,60,,,
18 58 14.045,+40 46 39.86,,5514251,18581404+4046398,2,8.981,39,35,11,3,997,692,79,23,3,997,696,51,15,3,993,696,7,3,3,992,692,,,
19 09 57.244,+46 59 26.71,,10002106,19095725+4659267,2,8.983,357,63,18,3,681,716,47,14,3,676,717,23,8,3,676,712,39,12,3,680,713,,,
19 57 18.784,+45 50 24.38,,9364901,19571878+4550243,2,8.983,179,31,10,3,859,243,3,2,3,860,237,55,16,3,862,239,83,24,3,865,242,,,
18 50 04.908,+43 08 33.76,,7503564,18500490+4308337,2,8.984,102,54,16,2,937,648,82,24,2,938,652,30,10,2,942,652,2,2,2,943,647,,,
19 10 00.494,+38 21 26.28,,3221671,19100049+3821262,2,8.984,238,14,6,2,800,286,74,22,2,801,291,70,20,2,805,292,10,4,2,806,287,,,
19 53 53.961,+42 31 44.10,,7059987,19535395+4231441,2,8.988,12,10,4,2,37,164,14,6,2,32,164,74,22,2,32,168,70,20,2,36,170,,,
19 00 54.043,+44 38 14.50,,8545649,19005404+4438145,2,8.989,174,59,17,3,863,633,67,19,3,865,637,27,9,3,860,637,19,7,3,858,634,,,
19 49 52.240,+46 01 13.58,,9480730,19495222+4601136,2,8.989,76,49,15,1,337,91,5,3,1,337,95,33,11,1,335,94,77,23,1,333,91,,,
19 48 22.098,+43 08 30.18,,7548187,19482208+4308302,2,8.99,350,28,9,4,689,495,20,7,4,687,498,60,17,4,692,499,68,19,4,695,495,,,
19 52 17.882,+40 41 10.07,,5473171,19521788+4041100,2,8.993,69,12,4,4,778,1040,16,6,4,783,1040,76,22,4,781,1035,72,20,4,779,1035,,,
19 10 33.798,+45 45 03.98,,9272082,19103379+4545039,2,8.996,132,62,18,2,513,147,46,14,2,517,148,22,8,2,516,142,38,12,2,511,143,,,
18 56 44.817,+42 32 04.96,,7013649,18564481+4232051,2,8.998,98,33,11,1,404,113,77,23,1,403,110,49,15,1,407,110,5,3,1,407,114,,,
19 42 23.767,+40 49 00.30,,5633448,19422376+4049003,2,8.999,23,6,3,2,461,37,34,11,2,459,38,78,23,2,458,41,50,15,2,461,41,,,
