RA,Dec,Name,Kepler_ID,2MASS ID,Data Availability,Seasons on CCD,J,kepmag,Edge_Distance_0 (px),Channel_0,Module_0,Output_0,Row_0,Column_0,Channel_1,Module_1,Output_1,Row_1,Column_1,Channel_2,Module_2,Output_2,Row_2,Column_2,Channel_3,Module_3,Output_3,Row_3,Column_3
19 36 26.536,+50 13 15.92,theta_Cyg,11918630,19362654+5013155,0,4,3.878,4.494,67,70,20,2,432,403,10,4,2,433,397,14,6,2,427,397,74,22,2,427,402
19 36 37.977,+44 41 41.77,HD_185351,8566020,19363801+4441418,2,4,3.654,5.034,59,45,14,1,504,74,21,8,1,501,79,37,12,1,496,79,61,18,1,497,75
19 40 50.183,+45 31 29.79,HD_186155,9163520,19405016+4531295,2,4,4.419,5.055,66,48,14,4,703,388,24,8,4,704,392,40,12,4,707,392,64,18,4,709,388
18 54 52.177,+41 36 09.80,HD_175740,6265087,18545217+4136098,0,4,4.08,5.212,0,36,11,4,996,590,80,23,4,996,586,52,15,4,992,586,8,3,4,991,590
19 34 41.259,+42 24 45.03,HD_184875,6954647,19344127+4224448,0,4,5.128,5.403,0,23,8,3,1020,434,39,12,3,1024,435,63,18,3,1025,438,47,14,3,1020,439
19 39 26.485,+42 49 05.80,   14_Cyg,7292420,19392648+4249057,0,4,5.365,5.49,0,25,9,1,42,962,17,7,1,43,967,57,17,1,38,967,65,19,1,39,962
19 57 13.868,+40 22 04.17,HD_189178,5219588,19571387+4022041,0,4,5.595,5.552,0,11,4,3,130,564,15,6,3,135,564,75,22,3,133,569,71,20,3,132,569
19 47 26.827,+47 54 27.23,HD_187372,10679281,19472682+4754273,0,4,2.979,5.672,110,50,15,2,819,451,6,3,2,818,447,34,11,2,816,448,78,23,2,815,451
19 23 56.502,+43 23 17.42,HD_182694,7680115,19235651+4323175,2,4,4.437,5.722,137,43,13,3,711,153,44,13,4,126,740,41,13,1,707,155,42,13,2,122,738
19 50 37.328,+40 35 59.13, V380_Cyg,5385723,19503733+4035591,2,4,5.712,5.771,122,12,4,4,845,749,16,6,4,850,750,76,22,4,848,745,72,20,4,846,744
19 40 41.150,+43 04 40.17,HD_186121,7456762,19404116+4304401,0,4,2.561,5.773,44,25,9,1,338,1063,17,7,1,339,1068,57,17,1,334,1068,65,19,1,335,1063
19 41 48.955,+50 31 30.24, 16_Cyg_A,12069424,19414896+5031305,2,4,5.091,5.864,29,71,20,3,924,552,11,4,3,922,547,15,6,3,928,547,75,22,3,925,552
19 59 20.424,+45 46 21.15,HD_189684,9305008,19592041+4546210,0,4,5.517,5.982,378,31,10,3,600,441,3,2,3,602,436,55,16,3,604,437,83,24,3,607,440
19 16 51.387,+46 59 56.70,HD_181096,10005473,19165139+4659563,2,4,5.149,5.995,58,61,18,1,884,626,45,14,1,890,626,21,8,1,887,630,37,12,1,883,630
19 52 07.166,+47 55 54.46,HD_188252,10683303,19520719+4755545,2,4,6.234,6.007,248,51,15,3,710,766,7,3,3,709,762,35,11,3,714,762,79,23,3,714,766
19 18 37.871,+49 34 10.04,HD_181597,11555267,19183785+4934098,0,4,4.466,6.04,0,82,24,2,82,537,30,10,2,87,538,2,2,2,88,532,54,16,2,82,532
19 05 09.839,+49 55 23.40,HD_178208,11753949,19050982+4955232,2,4,4.514,6.076,283,80,23,4,693,541,52,15,4,689,540,8,3,4,688,544,36,11,4,693,544
19 41 51.980,+50 31 03.09, 16_Cyg_B,12069449,19415198+5031032,2,4,4.993,6.095,67,71,20,3,921,562,11,4,3,919,557,15,6,3,925,557,75,22,3,922,562
19 39 34.537,+45 57 26.78,HD_185955,9411865,19393452+4557268,2,4,4.654,6.114,277,48,14,4,681,827,24,8,4,681,831,40,12,4,685,830,64,18,4,686,827
19 36 32.407,+43 42 22.00,HD_185286,7966681,19363240+4342220,0,4,4.331,6.151,0,26,9,2,34,326,18,7,2,36,320,58,17,2,31,320,66,19,2,32,325
19 55 40.611,+40 10 22.44,HD_188875,5041881,19554061+4010225,0,4,4.189,6.164,17,11,4,3,96,884,15,6,3,102,883,75,22,3,99,889,71,20,3,98,888
18 53 28.527,+42 54 09.40,HD_176466,7340766,18532851+4254092,0,4,3.858,6.165,113,54,16,2,632,129,82,24,2,632,133,30,10,2,636,133,2,2,2,638,128
19 00 19.062,+40 41 02.40, V547_Lyr,5429948,19001907+4041023,0,4,2.258,6.199,48,34,11,2,933,410,78,23,2,933,413,50,15,2,936,413,6,3,2,935,409
18 55 35.718,+42 03 37.01,HD_175884,6584587,18553571+4203367,0,4,4.655,6.21,153,33,11,1,819,337,77,23,1,818,333,49,15,1,821,333,5,3,1,821,338
19 15 19.176,+50 04 16.06,HD_180756,11808639,19151915+5004159,2,4,5.035,6.229,233,82,24,2,730,391,30,10,2,734,391,2,2,2,735,386,54,16,2,729,386
19 35 55.946,+50 14 19.02,HD_185264,11918397,19355593+5014188,2,4,4.882,6.235,307,70,20,2,376,351,10,4,2,377,346,14,6,2,372,346,74,22,2,372,350
19 11 23.162,+40 25 44.74,HD_179583,5262713,19112315+4025447,0,4,5.95,6.252,65,17,7,1,503,81,57,17,1,499,81,65,19,1,499,76,25,9,1,504,76
19 41 57.616,+40 15 14.92,HD_186307,5113557,19415761+4015147,2,4,5.799,6.266,129,6,3,2,866,355,34,11,2,864,356,78,23,2,863,359,50,15,2,866,359
19 17 19.978,+39 07 15.89,HD_181069,4049174,19171994+3907163,2,4,4.482,6.279,8,20,7,4,97,265,60,17,4,102,265,68,19,4,104,262,28,9,4,99,262
19 12 15.710,+47 22 29.96,HD_179959,10265370,19121572+4722298,0,4,5.062,6.28,91,64,18,4,600,1016,48,14,4,595,1016,24,8,4,595,1020,40,12,4,599,1020
18 58 46.588,+40 40 45.10, V543_Lyr,5429169,18584658+4040450,0,4,6.477,6.299,0,35,11,3,1017,565,79,23,3,1017,569,51,15,3,1014,569,7,3,3,1012,565
19 37 56.713,+49 17 03.90,HD_185657,11408263,19375671+4917037,2,4,4.989,6.307,108,69,20,1,193,978,9,4,1,193,984,13,6,1,188,983,73,22,1,188,979
19 22 40.906,+37 34 52.40,HD_183354,2156801,19224091+3734523,0,4,4.674,6.32,0,4,2,4,996,288,56,16,4,999,286,84,24,4,1001,283,32,10,4,994,282
18 53 18.488,+40 59 42.69, V541_Lyr,5683912,18531848+4059425,2,4,1.806,6.344,245,36,11,4,449,862,80,23,4,449,858,52,15,4,445,857,8,3,4,444,861
18 52 07.250,+41 22 59.68,HD_175132,6020867,18520723+4122596,2,4,6.315,6.362,434,36,11,4,506,460,80,23,4,506,457,52,15,4,503,456,8,3,4,502,460
19 53 01.246,+47 48 27.79, V819_Cyg,10618721,19530125+4748276,2,4,6.481,6.381,178,51,15,3,641,929,7,3,3,639,925,35,11,3,644,925,79,23,3,645,929
19 27 36.396,+37 56 28.31,HD_183362,2715115,19273638+3756283,0,4,6.253,6.394,90,3,2,3,797,1017,55,16,3,799,1019,83,24,3,802,1022,31,10,3,795,1023
19 46 32.768,+50 00 37.23,HD_187217,11824273,19463275+5000374,2,4,5.179,6.399,174,72,20,4,551,932,12,4,4,550,937,16,6,4,556,937,76,22,4,553,931
19 25 56.619,+44 55 50.71,HD_183124,8752618,19255662+4455508,2,4,5.136,6.441,37,41,13,1,425,1070,42,13,2,1036,456,43,13,3,429,1067,44,13,4,1040,459
18 49 20.670,+43 44 03.80,HD_174621,7939145,18492068+4344037,2,4,5.508,6.447,25,53,16,1,697,1082,81,24,1,697,1077,29,10,1,702,1077,1,2,1,703,1082
19 55 05.199,+47 32 27.60,HD_188853,10425397,19550517+4732276,2,4,5.215,6.449,172,52,15,4,472,935,8,3,4,471,939,36,11,4,476,939,80,23,4,476,936
20 01 45.227,+44 07 08.57,HD_190149,8262528,20014523+4407086,0,4,3.682,6.488,88,32,10,4,916,269,4,2,4,918,275,56,16,4,921,273,84,24,4,924,270
19 17 09.095,+39 01 43.06,HD_181022,3946721,19170907+3901428,0,4,3.755,6.496,0,20,7,4,45,192,60,17,4,50,192,68,19,4,53,189,28,9,4,47,188
18 59 12.292,+39 13 02.36,HD_176582,4136285,18591229+3913022,2,4,6.748,6.51,171,16,6,4,279,187,76,22,4,277,181,72,20,4,274,182,12,4,4,274,186
19 25 18.148,+37 14 42.71,HD_182896,1720554,19251815+3714429,2,4,5.048,6.525,424,4,2,4,485,520,56,16,4,488,518,84,24,4,491,515,32,10,4,484,514
18 46 59.069,+46 18 53.72,HD_174177,9630812,18465905+4618537,0,4,6.276,6.575,72,74,22,2,577,88,70,20,2,581,88,10,4,2,582,83,14,6,2,576,83
19 23 23.777,+50 16 16.61,HD_182691,11912716,19232377+5016166,2,4,6.549,6.602,160,81,24,1,232,757,29,10,1,238,756,1,2,1,239,762,53,16,1,232,762
19 15 43.694,+40 21 35.72,HD_180682,5177450,19154370+4021358,2,4,4.673,6.617,5,17,7,1,979,662,57,17,1,974,662,65,19,1,975,657,25,9,1,979,658
18 50 43.194,+43 57 26.74,HD_174880,8077489,18504318+4357265,2,4,5.179,6.685,43,53,16,1,395,1065,81,24,1,396,1060,29,10,1,400,1060,1,2,1,401,1065
19 20 27.106,+39 55 34.31,HD_181878,4830109,19202710+3955343,2,4,5.292,6.698,6,19,7,3,403,1101,59,17,3,408,1101,67,19,3,410,1104,27,9,3,405,1104
19 57 12.509,+44 15 40.04,AX_Cyg,8324612,19571249+4415399,2,4,3.399,6.698,358,29,10,1,643,714,1,2,1,644,719,53,16,1,638,719,81,24,1,638,714
19 36 56.640,+38 23 01.75,HD_185330,3246460,19365664+3823017,2,4,6.708,6.721,223,8,3,4,274,257,36,11,4,279,258,80,23,4,279,254,52,15,4,276,254
18 55 33.326,+47 26 26.80,HD_175955,10323222,18553332+4726266,2,4,4.999,6.725,449,73,22,1,544,464,69,20,1,549,463,9,4,1,549,468,13,6,1,544,468
18 46 28.102,+43 33 38.97,HD_174020,7800227,18462811+4333390,2,4,4.893,6.753,17,56,16,4,1000,906,84,24,4,1002,903,32,10,4,996,902,4,2,4,998,908
19 34 18.190,+41 55 37.99,HD_184787,6528001,19341818+4155379,0,4,6.617,6.757,333,23,8,3,677,716,39,12,3,680,716,63,18,3,681,720,47,14,3,677,720
19 05 25.403,+42 10 39.55,HD_178090,6675338,19052540+4210393,2,4,4.365,6.758,6,39,12,3,143,984,63,18,3,144,988,47,14,3,139,988,23,8,3,140,983
19 34 39.861,+48 09 52.38,HD_184977,10801714,19343984+4809524,2,4,6.189,6.806,254,65,19,1,319,351,25,9,1,323,351,17,7,1,323,356,57,17,1,318,357
19 06 51.499,+48 55 31.77,HD_178612,11234835,19065148+4855313,2,4,4.84,6.837,237,77,23,1,594,870,49,15,1,597,870,5,3,1,597,874,33,11,1,595,873
19 30 12.854,+46 08 52.08,   AF_Cyg,9528112,19301285+4608520,2,4,1.695,6.838,128,46,14,2,309,496,22,8,2,307,491,38,12,2,303,491,62,18,2,304,495
18 52 59.722,+43 42 48.50,HD_175370,7940959,18525972+4342482,2,4,5.001,6.863,195,54,16,2,241,755,82,24,2,242,759,30,10,2,246,760,2,2,2,247,755
19 19 37.839,+40 16 01.78,HD_181681,5092997,19193784+4016016,0,4,4.122,6.864,57,19,7,3,738,1050,59,17,3,743,1049,67,19,3,746,1052,27,9,3,740,1053
18 55 25.649,+40 10 37.74,HD_175841,4989900,18552564+4010377,2,4,6.491,6.885,224,35,11,3,283,553,79,23,3,283,557,51,15,3,279,557,7,3,3,278,554
19 01 06.549,+48 02 08.01,HD_177151,10716853,19010654+4802081,2,4,5.264,6.887,165,78,23,2,457,181,50,15,2,461,181,6,3,2,460,177,34,11,2,458,178
19 31 16.365,+47 28 52.25,V2083_Cyg,10342012,19311634+4728522,0,4,6.317,6.902,0,66,19,2,55,1111,26,9,2,59,1111,18,7,2,60,1106,58,17,2,55,1106
19 24 03.380,+44 56 00.74,HD_182736,8751420,19240337+4456005,2,4,5.515,6.911,202,41,13,1,679,905,42,13,2,871,709,43,13,3,683,902,44,13,4,875,712
19 55 54.077,+47 05 24.22,HD_189013,10096499,19555407+4705242,2,4,6.525,6.922,458,52,15,4,547,515,8,3,4,545,519,36,11,4,550,519,80,23,4,551,515
19 31 18.142,+42 59 13.18,HD_184148,7366121,19311815+4259132,2,4,5.373,6.923,357,22,8,2,407,646,38,12,2,402,646,62,18,2,403,650,46,14,2,408,651
19 20 31.469,+50 20 24.81,HD_182076,11960922,19203145+5020247,2,4,5.026,6.927,36,81,24,1,512,1071,29,10,1,517,1070,1,2,1,518,1075,53,16,1,511,1075
19 25 49.567,+50 51 06.25,HD_183203,12208512,19254956+5051061,0,4,4.315,6.928,164,81,24,1,487,180,29,10,1,493,179,1,2,1,493,184,53,16,1,487,184
18 59 05.754,+43 43 15.66,HD_176626,7943968,18590576+4343156,0,4,6.726,6.933,67,59,17,3,130,147,67,19,3,132,150,27,9,3,127,151,19,7,3,125,147
19 18 58.113,+40 21 37.64,HD_181521,5180075,19185810+4021377,0,4,6.738,6.939,9,19,7,3,872,1098,59,17,3,877,1098,67,19,3,879,1101,27,9,3,874,1101
19 37 17.590,+38 35 39.15,HD_185397,3455268,19371759+3835392,0,4,6.263,6.953,358,8,3,4,407,408,36,11,4,411,408,80,23,4,412,404,52,15,4,408,404
19 46 41.294,+44 20 54.71,HD_187160,8379927,19464129+4420547,2,,6.885,5.934,6.961,355,27,9,3,406,639,19,7,3,404,635,59,17,3,409,635,67,19,3,412
19 43 04.493,+39 59 49.64,HD_186505,4850899,19430449+3959495,2,,6.948,6.315,6.962,11,7,3,3,998,303,35,11,3,1003,303,79,23,3,1004,307,51,15,3,1000
19 17 08.979,+41 15 53.31,HD_181068,5952403,19170897+4115536,2,4,5.431,6.966,207,18,7,2,437,901,58,17,2,432,901,66,19,2,433,906,26,9,2,436,905
19 41 39.815,+40 01 20.44,HD_186255,4937492,19413981+4001205,0,4,6.471,6.966,0,6,3,2,1022,503,34,11,2,1020,504,78,23,2,1019,508,50,15,2,1023,508
18 50 31.041,+42 54 43.72,HD_174829,7339102,18503103+4254437,0,4,5.099,6.967,7,54,16,2,1011,440,82,24,2,1012,444,30,10,2,1016,444,2,2,2,1017,439
19 16 22.377,+49 25 28.14,HD_181020,11502218,19162237+4925280,2,4,5.393,6.974,102,82,24,2,159,188,30,10,2,163,189,2,2,2,164,184,54,16,2,158,183
19 50 25.523,+43 39 40.31,HD_187878,7909976,19502551+4339402,2,4,5.472,6.991,122,28,9,4,168,748,20,7,4,166,751,60,17,4,171,751,68,19,4,174,748
19 17 32.696,+47 57 08.82,HD_181278,10659688,19173268+4757088,2,4,5.412,6.996,41,64,18,4,623,57,48,14,4,618,57,24,8,4,618,61,40,12,4,622,60
19 48 44.073,+39 54 59.97,HD_187523,4857678,19484407+3954598,2,4,6.229,7.017,153,12,4,4,456,168,16,6,4,461,169,76,22,4,459,163,72,20,4,456,164
19 08 13.187,+39 09 17.57,V398_Lyr,4042516,19081318+3909173,0,4,1.869,7.024,49,14,6,2,641,1058,74,22,2,641,1063,70,20,2,645,1064,10,4,2,646,1058
19 43 56.637,+49 47 00.02,HD_186743,11670252,19435663+4947000,2,4,5.067,7.03,31,72,20,4,982,934,12,4,4,981,940,16,6,4,987,940,76,22,4,985,935
19 19 55.068,+45 01 55.53,HD_181827,8813946,19195507+4501556,2,4,5.453,7.032,28,44,13,4,978,468,41,13,1,434,1008,42,13,2,974,465,43,13,3,439,1005
19 44 44.025,+44 55 44.09,HD_186816,8765630,19444402+4455441,2,4,5.383,7.036,11,27,9,3,426,26,19,7,3,424,23,59,17,3,429,22,67,19,3,432,26
19 18 30.122,+50 13 39.42,HD_181596,11910615,19183010+5013393,0,4,4.923,7.05,255,82,24,2,588,852,30,10,2,593,853,2,2,2,594,848,54,16,2,588,848
18 47 22.466,+42 02 52.77,HD_174178,6580131,18472244+4202527,2,4,4.943,7.06,144,55,16,3,251,160,83,24,3,253,164,31,10,3,248,164,3,2,3,249,159
19 53 38.486,+41 21 20.81,HD_188461,6067580,19533848+4121208,0,4,7.246,7.081,52,10,4,2,957,697,14,6,2,952,696,74,22,2,952,702,70,20,2,956,702
19 24 09.919,+39 12 42.00,HD_182671,4155395,19240990+3912419,2,4,5.062,7.088,22,2,2,2,71,914,54,16,2,65,914,82,24,2,66,919,30,10,2,70,919
19 50 55.282,+49 42 00.98,HD_188057,11674677,19505527+4942009,2,4,5.372,7.101,74,72,20,4,120,383,12,4,4,119,388,16,6,4,125,388,76,22,4,123,383
19 10 33.963,+42 01 19.89,HD_179395,6593264,19103394+4201200,0,4,6.928,7.168,246,39,12,3,764,368,63,18,3,765,372,47,14,3,760,372,23,8,3,761,368
19 26 01.215,+45 00 47.12,V2079_Cyg,8818020,19260121+4500471,0,,7.059,7.331,7.174,93,41,13,1,375,1014,42,13,2,980,406,43,13,3,379,1011,44,13,4,984
19 01 39.678,+41 29 24.33,HD_177153,6106415,19013967+4129243,2,4,6.145,7.179,250,34,11,2,314,858,78,23,2,313,861,50,15,2,316,861,6,3,2,316,857
19 17 33.192,+51 20 47.46,HD_181328,12456737,19173317+5120475,0,4,4.099,7.182,187,84,24,4,659,920,32,10,4,652,918,4,2,4,654,924,56,16,4,657,923
19 58 02.382,+40 55 36.63,HD_189349,5737655,19580237+4055365,2,4,5.638,7.195,195,11,4,3,517,210,15,6,3,523,210,75,22,3,520,215,71,20,3,519,215
18 51 48.666,+41 27 54.49,HD_175080,6101376,18514866+4127545,2,4,5.729,7.205,355,36,11,4,511,370,80,23,4,511,366,52,15,4,507,366,8,3,4,506,369
19 17 18.514,+49 51 00.83,HD_181252,11708170,19171851+4951008,2,,7.17,6.511,7.211,349,82,24,2,401,518,30,10,2,406,519,2,2,2,407,513,54,16,2,401
19 04 33.021,+45 55 18.05,HD_177931,9392839,19043301+4555180,2,4,7.083,7.228,90,57,17,1,141,1002,65,19,1,141,997,25,9,1,145,997,17,7,1,145,1002
18 57 25.357,+42 06 12.45,HD_176229,6670812,18572536+4206126,2, EB,7.638,7.255,6.304,7.243,460,33,11,1,551,492,77,23,1,550,489,49,15,1,554,489,5,3,1
19 32 47.943,+43 25 55.32,HD_184483,7756961,19324795+4325552,0,4,4.067,7.246,143,22,8,2,191,225,38,12,2,186,225,62,18,2,188,229,46,14,2,192,231
19 34 19.213,+41 25 44.54,HD_184788,6129225,19341921+4125445,0,4,7.169,7.249,162,23,8,3,289,945,39,12,3,292,946,63,18,3,293,949,47,14,3,289,949
19 31 01.093,+46 19 54.45,HD_184147,9651435,19310109+4619544,0,4,7.131,7.251,405,46,14,2,503,420,22,8,2,502,415,38,12,2,497,415,62,18,2,499,419
19 54 35.329,+41 27 51.79,HD_188667,6150124,19543533+4127517,2,4,5.658,7.253,70,10,4,2,945,509,14,6,2,939,508,74,22,2,940,514,70,20,2,943,514
19 30 41.181,+43 02 15.77,BD+42_3367,7447756,19304117+4302158,0,4,4.983,7.271,269,22,8,2,314,708,38,12,2,309,709,62,18,2,311,713,46,14,2,316,714
19 04 01.667,+40 06 58.39,HD_177697,4994443,19040168+4006584,0,4,4.014,7.3,16,13,6,1,726,32,73,22,1,725,27,69,20,1,730,27,9,4,1,730,32
19 23 30.722,+48 04 10.67,HD_182692,10728753,19233072+4804106,0,4,5.684,7.31,0,67,19,3,1031,394,27,9,3,1025,395,19,7,3,1024,392,59,17,3,1028,391
18 54 14.359,+41 13 32.85,HD_175576,5939450,18541435+4113328,2,,7.337,6.354,7.311,313,36,11,4,702,794,80,23,4,702,791,52,15,4,699,790,8,3,4,698
19 07 43.791,+47 02 08.88,HD_178797,10064283,19074378+4702087,0,4,5.353,7.312,401,63,18,3,448,461,47,14,3,443,461,23,8,3,444,457,39,12,3,447,457
19 46 18.994,+44 33 54.09,HD_187104,8508931,19461898+4433539,2,4,5.743,7.314,313,27,9,3,364,438,19,7,3,362,435,59,17,3,367,434,67,19,3,370,437
19 31 05.575,+48 34 55.67,HD_184215,11031549,19310557+4834558,0,4,7.296,7.321,102,65,19,1,920,616,25,9,1,924,616,17,7,1,924,620,57,17,1,919,621
19 07 46.855,+49 29 07.33,HD_178874,11498538,19074685+4929073,2,,7.274,6.466,7.335,92,77,23,1,925,463,49,15,1,929,463,5,3,1,929,467,33,11,1,926
19 36 29.376,+45 47 50.81,HD_185329,9286638,19362937+4547506,2,4,6.56,7.337,23,45,14,1,991,946,21,8,1,989,951,37,12,1,984,951,61,18,1,985,946
19 54 58.389,+41 52 17.53,HD_188753,6469154,19545837+4152170,2,,7.444,5.965,7.339,266,10,4,2,648,281,14,6,2,643,280,74,22,2,643,285,70,20,2,647
19 43 44.303,+39 44 32.41,HD_186604,4671313,19434429+3944325,2,4,7.002,7.348,279,7,3,3,741,317,35,11,3,745,316,79,23,3,746,320,51,15,3,742,321
18 49 07.884,+47 30 56.83,V538_Lyr,10385851,18490789+4730568,2,4,2.191,7.354,25,75,22,3,953,1033,71,20,3,951,1033,11,4,3,950,1028,15,6,3,956,1028
19 07 19.986,+43 18 55.16,HD_178615,7669848,19071998+4318551,2,,7.359,6.546,7.355,19,40,12,4,1003,589,64,18,4,1004,586,48,14,4,999,586,24,8,4,999
19 28 47.571,+46 02 38.13,AW_Cyg,9465763,19284755+4602380,2,4,4.061,7.357,19,46,14,2,69,459,22,8,2,68,453,38,12,2,63,453,62,18,2,65,457
18 44 35.146,+43 49 59.92,HD_173701,8006161,18443514+4349599,2,,7.251,6.088,7.364,109,56,16,4,919,520,84,24,4,921,517,32,10,4,914,516,4,2,4,916
19 53 46.152,+45 28 13.48,HD_188537,9110718,19534615+4528133,0,4,5.633,7.382,269,30,10,2,652,284,2,2,2,654,279,54,16,2,648,279,82,24,2,648,283
18 59 21.445,+41 38 12.92,V546_Lyr,6267345,18592144+4138130,0,4,4.077,7.385,82,33,11,1,546,1026,77,23,1,546,1022,49,15,1,549,1022,5,3,1,549,1026
19 55 44.753,+40 23 30.30,HD_188891,5217733,19554475+4023303,2,,7.446,7.419,7.391,230,11,4,3,267,782,15,6,3,272,781,75,22,3,269,787,71,20,3,268
18 52 16.514,+43 42 35.68,HD_175226,7940546,18521651+4342356,2,,7.289,6.41,7.397,282,54,16,2,336,825,82,24,2,336,830,30,10,2,340,830,2,2,2,342
19 54 29.298,+47 54 49.69,BD+47_2949,10685353,19542928+4754495,2,4,4.81,7.401,161,51,15,3,399,946,7,3,3,397,942,35,11,3,402,942,79,23,3,403,946
19 19 33.686,+41 16 16.13,HD_181679,5954370,19193368+4116160,2,4,5.677,7.417,359,18,7,2,660,556,58,17,2,655,556,66,19,2,656,561,26,9,2,658,561
19 27 45.484,+47 32 12.96,HD_183507,10404994,19274548+4732129,2,4,5.859,7.421,335,66,19,2,381,681,26,9,2,384,681,18,7,2,386,676,58,17,2,380,675
18 57 03.048,+45 51 21.38,HD_176209,9327530,18570305+4551213,0,4,7.195,7.437,0,60,17,4,1041,341,68,19,4,1043,337,28,9,4,1038,337,20,7,4,1036,340
19 50 13.173,+48 23 29.68,HD_187919,10934370,19501316+4823295,2,4,5.356,7.478,248,51,15,3,769,264,7,3,3,767,260,35,11,3,773,260,79,23,3,773,264
18 49 39.645,+43 04 24.53,HD_174676,7420037,18493964+4304245,0,4,5.134,7.481,0,54,16,2,1031,642,82,24,2,1031,647,30,10,2,1035,647,2,2,2,1036,642
19 40 46.780,+46 23 07.67,HD_186176,9657639,19404676+4623077,2,4,5.912,7.493,39,48,14,4,325,1069,24,8,4,325,1073,40,12,4,329,1072,64,18,4,330,1069
18 51 50.991,+41 44 21.52,HD_175079,6342566,18515098+4144214,2,4,5.306,7.499,164,36,11,4,669,179,80,23,4,669,175,52,15,4,666,175,8,3,4,665,178
19 43 43.105,+51 04 00.59,HD_186727,12316020,19434310+5104006,0,4,4.495,7.499,241,71,20,3,447,258,11,4,3,445,253,15,6,3,451,252,75,22,3,448,258
19 49 18.135,+41 34 56.86,HD_187637,6225718,19491812+4134572,2,,7.531,6.544,7.501,134,9,4,1,429,974,13,6,1,425,974,73,22,1,424,970,69,20,1,429
20 01 46.719,+45 28 35.88,HD_190165,9117875,20014671+4528359,2,,7.503,6.895,7.512,255,31,10,3,373,852,3,2,3,374,847,55,16,3,377,848,83,24,3,380
18 59 00.919,+49 19 09.84,HD_176708,11443271,18590092+4919098,2,,7.554,7.189,7.524,435,79,23,3,592,633,51,15,3,587,634,7,3,3,586,630,35,11,3,591
18 51 11.993,+46 44 17.52,V540_Lyr,9874022,18511200+4644175,2,4,3.64,7.527,269,74,22,2,461,839,70,20,2,465,840,10,4,2,466,834,14,6,2,460,834
19 19 50.218,+43 33 22.59,HD_181778,7816792,19195023+4333226,0,4,5.824,7.545,189,43,13,3,230,649,44,13,4,622,259,41,13,1,226,651,42,13,2,618,257
20 01 14.413,+44 15 50.86,HD_190043,8328178,20011442+4415509,2,4,5.98,7.548,93,32,10,4,933,423,4,2,4,935,429,56,16,4,938,428,84,24,4,941,425
19 09 57.509,+49 40 50.99,HD_179420,11603064,19095751+4940509,2,4,5.842,7.557,85,77,23,1,883,100,49,15,1,887,100,5,3,1,887,104,33,11,1,885,104
19 03 05.842,+39 57 15.23,HD_177486,4818175,19030584+3957152,2,4,5.296,7.562,40,13,6,1,942,55,73,22,1,942,50,69,20,1,946,50,9,4,1,946,55
19 07 47.623,+38 55 41.59,HD_178661,3836439,19074762+3855416,2,,7.558,7.065,7.57,173,14,6,2,821,934,74,22,2,821,939,70,20,2,825,940,10,4,2,826
19 10 26.631,+42 36 04.86,HD_179394,7105221,19102663+4236049,0,1,7.603,7.575,,,,,,,,,,,,47,14,3,1045,812,,,,,
19 03 46.752,+49 37 58.62,HD_177828,11600717,19034675+4937586,2,,7.599,7.147,7.577,237,80,23,4,785,859,52,15,4,781,859,8,3,4,780,863,36,11,4,785
19 47 23.503,+42 28 58.94,HD_187277,6967644,19472350+4228589,0,2,7.073,7.579,,,,,,,,,,,,57,17,1,1042,54,65,19,1,1043,48
19 45 37.966,+44 57 49.36,HD_186994,8766240,19453796+4457493,0,4,7.775,7.585,53,27,9,3,285,69,19,7,3,283,65,59,17,3,288,65,67,19,3,291,68
19 18 40.891,+52 14 50.59,HD_181677,12884274,19184088+5214506,2,4,6.012,7.593,33,84,24,4,70,334,32,10,4,62,334,4,2,4,64,339,56,16,4,68,338
19 01 21.775,+44 23 11.51,HD_177152,8351193,19012177+4423115,2,,7.664,7.589,7.598,234,59,17,3,787,407,67,19,3,789,410,27,9,3,784,411,19,7,3,782
19 36 26.935,+41 53 33.76,HD_185265,6450107,19362693+4153337,2,4,7.429,7.599,406,23,8,3,465,421,39,12,3,468,422,63,18,3,469,425,47,14,3,465,425
19 33 08.618,+46 02 21.95,HD_184602,9468475,19330861+4602219,2,,7.646,7.384,7.606,288,46,14,2,650,819,22,8,2,649,814,38,12,2,644,814,62,18,2,645
19 17 04.762,+46 24 47.84,HD_181117,9704325,19170476+4624477,2,4,5.582,7.618,213,61,18,1,425,894,45,14,1,431,893,21,8,1,429,898,37,12,1,424,898
19 55 12.048,+46 39 55.94,V2094_Cyg,9851142,19551204+4639559,2,,7.589,6.988,7.631,192,52,15,4,818,222,8,3,4,816,226,36,11,4,821,226,80,23,4,822
19 08 00.666,+43 58 01.56,HD_178821,8085683,19080067+4358013,2,4,6.619,7.635,159,37,12,1,726,175,61,18,1,726,170,45,14,1,733,170,21,8,1,730,175
19 26 28.493,+47 58 11.68,HD_183280,10664975,19262849+4758116,2,,7.663,7.198,7.639,210,66,19,2,817,724,26,9,2,820,724,18,7,2,821,720,58,17,2,816
19 27 24.421,+42 13 45.47,HD_183383,6777469,19272440+4213453,0,4,7.357,7.64,379,21,8,1,647,665,37,12,1,642,664,61,18,1,643,660,45,14,1,649,660
19 14 12.596,+49 46 03.48,HD_180475,11656042,19141259+4946035,0,4,5.692,7.664,86,82,24,2,595,102,30,10,2,599,102,2,2,2,600,97,54,16,2,594,97
19 35 49.863,+42 21 57.94,BD+42_3393,6870455,19354984+4221580,0,4,5.362,7.664,139,23,8,3,886,292,39,12,3,890,292,63,18,3,891,296,47,14,3,886,296
19 26 24.133,+49 10 47.56,HD_183256,11349943,19262414+4910475,2,4,5.459,7.672,184,68,19,4,417,923,28,9,4,412,923,20,7,4,410,926,60,17,4,415,927
20 04 55.593,+44 48 54.85,HD_190837,8719675,20045559+4448547,2,4,5.449,7.694,146,32,10,4,181,613,4,2,4,182,619,56,16,4,186,617,84,24,4,188,614
19 41 35.354,+49 41 43.19,HD_186355,11618103,19413535+4941431,2,4,6.182,7.695,73,69,20,1,842,1034,9,4,1,843,1039,13,6,1,838,1039,73,22,1,838,1034
19 35 29.972,+45 26 08.61,HD_185117,9094435,19352998+4526086,0,4,5.101,7.696,331,45,14,1,689,744,21,8,1,687,749,37,12,1,682,749,61,18,1,683,744
19 00 31.939,+41 41 03.29,HD_176894,6267965,19003193+4141033,0,4,6.947,7.7,0,33,11,1,362,1110,77,23,1,361,1107,49,15,1,364,1107,5,3,1,364,1111
19 32 44.226,+46 18 38.22,HD_184498,9652494,19324423+4618381,2,4,6.124,7.701,300,46,14,2,723,576,22,8,2,721,571,38,12,2,717,571,62,18,2,718,576
19 45 26.511,+44 14 19.50,BD+43_3351,8313018,19452650+4414196,2,4,5.096,7.708,390,27,9,3,630,628,19,7,3,629,625,59,17,3,634,624,67,19,3,636,627
19 08 38.033,+38 30 31.82,HD_178875,3429637,19083803+3830318,2,,7.678,7.104,7.711,104,14,6,2,920,539,74,22,2,921,544,70,20,2,924,545,10,4,2,925
19 54 14.721,+44 50 50.37,HD_188629,8710324,19541471+4450504,0,4,5.236,7.743,289,30,10,2,460,819,2,2,2,461,814,54,16,2,455,814,82,24,2,455,819
19 04 23.784,+38 06 27.40,HD_177781,2970780,19042378+3806274,0,4,6.352,7.744,385,15,6,3,421,683,75,22,3,418,689,71,20,3,417,689,11,4,3,416,684
19 04 04.608,+48 52 00.26,HD_177876,11180361,19040461+4852002,2,,7.789,7.387,7.748,120,78,23,2,795,988,50,15,2,799,988,6,3,2,798,983,34,11,2,795
19 40 46.438,+44 31 42.66,HD_186140,8504443,19404644+4431426,2,4,6.746,7.763,13,26,9,2,1003,28,18,7,2,1006,24,58,17,2,1000,23,66,19,2,1001,28
19 02 39.403,+43 07 02.93,HD_177412,7510397,19023940+4307029,2,,7.743,6.794,7.771,240,40,12,4,273,281,64,18,4,274,277,48,14,4,270,277,24,8,4,270
19 16 25.275,+46 25 44.80,HD_180967,9704050,19162528+4625449,2,4,5.462,7.771,136,61,18,1,494,971,45,14,1,500,970,21,8,1,498,975,37,12,1,493,975
19 41 45.643,+43 44 51.50,HD_186306,7970740,19414564+4344515,2,,7.712,6.517,7.777,234,26,9,2,792,721,18,7,2,794,717,58,17,2,789,717,66,19,2,789
19 29 56.681,+44 41 22.88,HD_183955,8561664,19295668+4441228,2,2,6.812,7.781,,,,,,,43,13,3,600,28,,,,,,41,13,1,596,31
19 09 46.719,+47 44 48.47,HD_179333,10525205,19094672+4744485,2,4,6.17,7.789,18,63,18,3,107,1090,47,14,3,101,1090,23,8,3,102,1086,39,12,3,106,1086
19 27 57.239,+42 46 35.90,HD_183473,7201012,19275724+4246355,2,4,6.489,7.799,102,21,8,1,276,1005,37,12,1,271,1005,61,18,1,272,1001,45,14,1,278,1000
19 00 25.510,+39 20 15.68,HD_176845,4242575,19002550+3920156,2,4,6.924,7.803,213,16,6,4,516,228,76,22,4,513,222,72,20,4,511,222,12,4,4,511,227
19 49 00.905,+44 22 44.98,HD_187613,8382172,19490090+4422449,2,4,7.653,7.805,29,27,9,3,62,794,19,7,3,60,791,59,17,3,65,791,67,19,3,68,794
19 40 44.554,+41 04 53.44,HD_186074,5802562,19404454+4104533,2,4,5.861,7.812,81,6,3,2,112,163,34,11,2,110,163,78,23,2,109,167,50,15,2,113,167
19 56 07.752,+44 49 34.68,HD_189015,8712121,19560775+4449346,2,4,5.44,7.813,134,30,10,2,720,974,2,2,2,721,970,54,16,2,715,970,82,24,2,715,974
18 59 28.699,+43 43 59.38,HD_176694,7944142,18592870+4343593,2,,8.119,6.104,7.817,103,59,17,3,186,118,67,19,3,189,121,27,9,3,183,122,19,7,3,182
19 24 30.631,+37 11 16.22,HD_182737,1572070,19243063+3711162,0,4,6.831,7.82,357,4,2,4,518,372,56,16,4,521,370,84,24,4,524,367,32,10,4,517,366
19 39 07.563,+40 37 36.55,HD_185780,5458880,19390756+4037365,2,,7.888,7.918,7.824,298,6,3,2,330,609,34,11,2,328,610,78,23,2,327,613,50,15,2,330
19 10 50.616,+39 10 17.98,HD_179421,4044238,19105061+3910180,2,4,6.09,7.828,219,14,6,2,256,805,74,22,2,257,809,70,20,2,261,811,10,4,2,261,805
19 57 02.017,+41 34 26.89,HD_226754,6234579,19570201+4134267,0,2,5.627,7.829,,,,,,,14,6,2,1042,95,74,22,2,1042,100,,,,,
19 51 50.990,+41 20 55.64,HD_188101,6065699,19515098+4120556,2,4,7.897,7.833,139,10,4,2,820,969,14,6,2,815,968,74,22,2,815,973,70,20,2,819,974
19 37 08.854,+40 12 49.72,HD_185374,5108214,19370885+4012497,2,,7.789,6.802,7.837,16,6,3,2,480,1092,34,11,2,478,1093,78,23,2,477,1096,50,15,2,480
18 53 54.182,+40 19 25.56,HD_175537,5164767,18535417+4019255,2,4,7.068,7.838,121,35,11,3,156,819,79,23,3,156,823,51,15,3,153,824,7,3,3,151,820
19 40 45.379,+48 30 45.11,HD_186221,11037105,19404537+4830451,2,,7.797,7.04,7.841,148,69,20,1,206,164,9,4,1,206,169,13,6,1,202,169,73,22,1,201
19 33 13.255,+42 48 29.16,HD_184564,7286856,19331325+4248291,2,4,6.304,7.851,317,22,8,2,710,458,38,12,2,706,459,62,18,2,707,463,46,14,2,711,463
18 58 03.461,+47 11 29.94,HD_176465,10124866,18580346+4711299,2,,7.576,6.644,7.861,97,73,22,1,130,297,69,20,1,136,296,9,4,1,136,302,13,6,1,131
19 25 27.912,+42 47 03.72,RR_Lyr,7198959,19252793+4247040,2,,7.878,6.949,7.862,0,21,8,1,49,660,37,12,1,44,659,61,18,1,45,655,45,14,1,51
18 41 34.994,+43 32 58.92,HD_173109,7798339,18413499+4332589,2,,7.825,7.137,7.864,348,56,16,4,377,402,84,24,4,380,399,32,10,4,372,398,4,2,4,374
19 08 04.834,+49 04 54.59,HD_178910,11288450,19080483+4904545,0,4,6.115,7.864,423,77,23,1,602,640,49,15,1,606,640,5,3,1,606,644,33,11,1,603,643
19 30 30.237,+48 12 43.00,BD+47_2852,10863107,19303022+4812430,2,4,5.116,7.869,241,65,19,1,681,866,25,9,1,684,866,17,7,1,685,871,57,17,1,680,871
19 32 55.935,+39 39 45.76,HD_184469,4567097,19325593+3939457,2,4,7.865,7.871,232,5,3,1,533,248,33,11,1,530,247,77,23,1,529,243,49,15,1,532,244
19 47 19.783,+40 59 39.59,HD_187234,5724440,19471978+4059395,2,,7.865,7.363,7.874,292,9,4,1,736,425,13,6,1,731,425,73,22,1,730,420,69,20,1,735
19 57 52.543,+44 23 03.01,HD_189376,8390838,19575254+4423030,2,4,6.266,7.874,241,29,10,1,790,765,1,2,1,791,769,53,16,1,784,769,81,24,1,784,765
19 40 20.798,+48 57 18.29,HD_186139,11251115,19402079+4857182,2,4,6.294,7.879,316,69,20,1,352,542,9,4,1,352,548,13,6,1,347,548,73,22,1,347,543
19 18 58.198,+39 16 01.42,HD_181469,4150611,19185819+3916014,2,,7.863,7.184,7.899,13,20,7,4,47,577,60,17,4,53,577,68,19,4,55,574,28,9,4,49
19 26 25.971,+49 27 55.02,HD_183255,11506859,19262590+4927539,2,,8.047,6.161,7.903,159,68,19,4,201,781,28,9,4,196,781,20,7,4,194,784,60,17,4,199
19 33 43.200,+39 43 40.73,HD_184629,4660665,19334320+3943407,2,,7.903,7.4,7.911,380,5,3,1,553,396,33,11,1,551,395,77,23,1,549,391,49,15,1,553
19 35 36.437,+40 01 38.75,HD_185036,4931363,19353643+4001387,2,,7.868,7.169,7.914,292,5,3,1,489,816,33,11,1,487,815,77,23,1,486,812,49,15,1,489
19 17 29.333,+39 14 40.61,HD_181097,4149233,19172932+3914407,0,4,6.034,7.92,139,20,7,4,175,350,60,17,4,180,350,68,19,4,182,347,28,9,4,177,347
19 47 56.689,+41 45 18.33,HD_225880,6382808,19475669+4145181,2,4,5.734,7.926,151,9,4,1,182,847,13,6,1,178,847,73,22,1,177,843,69,20,1,182,842
19 02 16.361,+42 59 44.70,HD_177328,7345479,19021636+4259447,2,4,7.746,7.93,123,40,12,4,157,331,64,18,4,158,328,48,14,4,153,328,24,8,4,153,332
19 15 33.020,+41 35 34.48,HD_180658,6195870,19153302+4135343,0,4,6.249,7.932,6,18,7,2,39,959,58,17,2,34,959,66,19,2,34,964,26,9,2,37,964
18 46 10.322,+46 37 50.99,HD_174019,9812351,18461032+4637509,2,,7.949,7.451,7.934,154,74,22,2,878,172,70,20,2,882,173,10,4,2,883,168,14,6,2,877
19 23 56.407,+48 22 31.40,HD_182779,10918449,19235640+4822314,2,4,6.387,7.939,193,67,19,3,833,599,27,9,3,828,599,19,7,3,826,596,59,17,3,831,595
19 14 04.660,+40 33 59.66,HD_180261,5352052,19140466+4033595,2,4,6.427,7.94,362,17,7,1,664,533,57,17,1,660,533,65,19,1,660,528,25,9,1,664,529
19 24 48.692,+43 31 18.51,HD_182862,7820638,19244868+4331187,2,,8.105,6.335,7.949,131,43,13,3,896,177,44,13,4,150,926,41,13,1,892,180,42,13,2,146
19 23 57.449,+38 06 51.70,HD_182634,2987660,19235744+3806517,2,,7.937,7.408,7.953,143,1,2,1,887,741,53,16,1,881,741,81,24,1,881,736,29,10,1,886
19 05 45.996,+39 07 10.80,HD_178159,4040917,19054599+3907108,2,4,5.669,7.955,21,13,6,1,1010,940,73,22,1,1010,935,69,20,1,1014,935,9,4,1,1014,940
19 22 48.455,+48 53 07.01,HD_182531,11188366,19224843+4853069,0,4,5.988,7.955,316,67,19,3,354,707,27,9,3,348,708,19,7,3,347,704,59,17,3,352,704
19 56 50.139,+44 16 16.00,V2095_Cyg,8324268,19565014+4416159,2,4,7.868,7.955,358,29,10,1,593,749,1,2,1,594,754,53,16,1,588,754,81,24,1,588,750
19 10 57.768,+41 46 33.56,HD_179506,6352430,19105776+4146335,2,4,7.913,7.958,132,39,12,3,691,147,63,18,3,692,151,47,14,3,687,151,23,8,3,688,147
19 48 09.666,+48 24 00.61,BD+48_2955,10988024,19480966+4824009,0,4,5.937,7.961,0,51,15,3,1038,111,7,3,3,1036,107,35,11,3,1041,107,79,23,3,1042,111
19 05 03.388,+49 05 16.09,HD_178158,11287318,19050338+4905159,2,4,6.053,7.962,108,77,23,1,870,1000,49,15,1,874,1000,5,3,1,873,1004,33,11,1,871,1003
18 53 39.228,+47 13 05.52,HD_175574,10190244,18533922+4713055,2,4,5.932,7.969,290,73,22,1,565,818,69,20,1,570,817,9,4,1,570,822,13,6,1,565,822
19 14 25.455,+39 39 08.19,HD_180312,4551179,19142545+3939082,0,4,6.343,7.97,98,20,7,4,781,113,60,17,4,786,114,68,19,4,788,111,28,9,4,783,110
19 16 26.335,+46 35 47.47,HD_180966,9764544,19162633+4635474,2,4,7.77,7.972,224,61,18,1,618,884,45,14,1,624,883,21,8,1,622,888,37,12,1,617,888
19 33 21.766,+41 19 46.92,HD_184565,6047321,19332176+4119469,0,4,6.625,7.972,16,24,8,4,296,1092,40,12,4,299,1092,64,18,4,300,1088,48,14,4,296,1088
19 08 08.343,+44 02 11.00,HD_178847,8153795,19080834+4402109,2,4,7.956,7.977,120,37,12,1,672,136,61,18,1,673,131,45,14,1,680,131,21,8,1,677,136
19 20 32.245,+38 25 31.40,HD_181880,3337423,19203225+3825313,0,4,6.063,7.982,287,1,2,1,320,385,53,16,1,314,385,81,24,1,314,380,29,10,1,319,380
19 33 47.146,+43 31 02.24,HD_184695,7827131,19334714+4331022,2,,8.012,7.623,7.986,32,22,8,2,209,46,38,12,2,204,46,62,18,2,206,50,46,14,2,210
19 12 31.114,+43 44 14.57,HD_179935,7950369,19123111+4344145,2,4,6.038,7.987,211,37,12,1,244,768,61,18,1,245,764,45,14,1,251,763,21,8,1,248,768
19 08 33.734,+37 54 36.76,HD_178848,2696955,19083373+3754367,2,4,6.414,7.989,90,15,6,3,920,105,75,22,3,916,110,71,20,3,916,110,11,4,3,915,105
19 23 02.624,+38 35 03.88,BD+38_3564,3441157,19230262+3835040,2,4,5.726,7.991,273,1,2,1,442,835,53,16,1,436,835,81,24,1,436,831,29,10,1,441,830
19 10 46.809,+38 54 19.76,HD_179396,3838362,19104680+3854197,0,4,6.37,8.001,369,14,6,2,404,614,74,22,2,404,619,70,20,2,408,620,10,4,2,409,614
19 00 21.101,+49 07 53.33,HD_177004,11338492,19002109+4907533,2,4,6.275,8.005,181,79,23,3,846,688,51,15,3,842,688,7,3,3,841,685,35,11,3,846,684
